"RIX","alias","ID","day","virus","antigen","IgG1","IgG2ac","IgG2b","IgG3","IgM","TotalG"
"CC001xCC074","X13140x3015","112","D7","SARS","S",0,0,0,0,2.47712125471966,2
"CC001xCC074","X13140x3015","118","D7","SARS","S",0,3.47712125471966,2.47712125471966,0,4,4
"CC001xCC074","X13140x3015","124","D7","SARS","S",0,3.47712125471966,2.47712125471966,0,4,4
"CC002xCC011","X15156x3252","116","D7","SARS","S",0,4,3,2.47712125471966,4.47712125471966,5
"CC002xCC011","X15156x3252","117","D7","SARS","S",0,3.47712125471966,3,2.47712125471966,4,4.47712125471966
"CC002xCC011","X15156x3252","132","D7","SARS","S",0,3.47712125471966,3,2.47712125471966,4,4
"CC002xCC021","X15156x1566","107","D7","SARS","S",0,3,2,0,3,3.47712125471966
"CC002xCC021","X15156x1566","273","D7","SARS","S",0,4,3,2,4,4.47712125471966
"CC002xCC021","X15156x1566","287","D7","SARS","S",0,4.47712125471966,2.47712125471966,2,3.47712125471966,4
"CC002xCC021","X15156x1566","288","D7","SARS","S",0,3.47712125471966,2.47712125471966,2,3.47712125471966,3.47712125471966
"CC002xCC021","X15156x1566","98","D7","SARS","S",0,3,2.47712125471966,4,3,3.47712125471966
"CC003xCC051","X13067x16912","28","D7","SARS","S",2,3,3,2,4,3.47712125471966
"CC003xCC051","X13067x16912","40","D7","SARS","S",0,3,2,2,3.47712125471966,3
"CC003xCC051","X13067x16912","41","D7","SARS","S",0,2.47712125471966,2.47712125471966,0,3.47712125471966,3
"CC005xCC001","X16211x13140","132","D7","SARS","S",0,2.47712125471966,2,0,4,3.47712125471966
"CC005xCC001","X16211x13140","133","D7","SARS","S",0,3,2.47712125471966,0,3.47712125471966,3.47712125471966
"CC005xCC001","X16211x13140","134","D7","SARS","S",2,3.47712125471966,2.47712125471966,0,4.47712125471966,4
"CC005xCC038","X16211x8049","102","D7","SARS","S",0,4,3.47712125471966,2,4.47712125471966,5
"CC005xCC038","X16211x8049","103","D7","SARS","S",0,3,2.47712125471966,0,3.47712125471966,5
"CC005xCC038","X16211x8049","95","D7","SARS","S",2,4,3,0,4.47712125471966,4.47712125471966
"CC005xCC040","X16211x16557","66","D7","SARS","S",NA,3.47712125471966,3,2.47712125471966,4,4
"CC005xCC040","X16211x16557","67","D7","SARS","S",NA,4,3,0,3.47712125471966,4
"CC005xCC040","X16211x16557","75","D7","SARS","S",NA,3.47712125471966,3,0,3.47712125471966,3.47712125471966
"CC005xCC040","X16211x16557","79","D7","SARS","S",NA,3,2.47712125471966,0,3,3.47712125471966
"CC006xCC007","X16750x13421","77","D7","SARS","S",2,3.47712125471966,3,2.47712125471966,4,4
"CC006xCC007","X16750x13421","78","D7","SARS","S",2.47712125471966,3,3,2.47712125471966,4,4
"CC006xCC007","X16750x13421","79","D7","SARS","S",0,3.47712125471966,2.47712125471966,2,4.47712125471966,4
"CC006xCC007","X16750x13421","80","D7","SARS","S",2,3.47712125471966,2.47712125471966,2,4,4
"CC006xCC039","X16750x15155","53","D7","SARS","S",0,4,3.47712125471966,3,3.47712125471966,4.47712125471966
"CC006xCC039","X16750x15155","62","D7","SARS","S",0,4,3.47712125471966,2,3.47712125471966,4.47712125471966
"CC006xCC039","X16750x15155","64","D7","SARS","S",0,4,3.47712125471966,2.47712125471966,3.47712125471966,4.47712125471966
"CC006xCC039","X16750x15155","65","D7","SARS","S",0,4,3.47712125471966,2,3.47712125471966,4.47712125471966
"CC007xCC075","X13421x3260","22","D7","SARS","S",2,4.47712125471966,3.47712125471966,2.47712125471966,5,5
"CC007xCC075","X13421x3260","23","D7","SARS","S",0,4.47712125471966,3.47712125471966,3,4.47712125471966,5
"CC007xCC075","X13421x3260","24","D7","SARS","S",0,5,3.47712125471966,3,5,5
"CC008xCC009","X8036x5489","73","D7","SARS","S",0,2,2,0,2,2.47712125471966
"CC008xCC009","X8036x5489","74","D7","SARS","S",0,2,2,0,2,2.47712125471966
"CC008xCC009","X8036x5489","76","D7","SARS","S",0,0,2,0,2.47712125471966,2.47712125471966
"CC008xCC010","X8036x8018","23","D7","SARS","S",0,4,2,0,3,3.47712125471966
"CC008xCC010","X8036x8018","24","D7","SARS","S",0,3,0,0,3,3
"CC008xCC010","X8036x8018","25","D7","SARS","S",0,3,0,0,3,2.47712125471966
"CC008xCC010","X8036x8018","26","D7","SARS","S",0,3,0,0,3.47712125471966,3
"CC008xCC018","X8036x3609","26","D7","SARS","S",0,2.47712125471966,0,0,3,2.47712125471966
"CC008xCC018","X8036x3609","27","D7","SARS","S",0,3,0,0,3,3
"CC008xCC018","X8036x3609","28","D7","SARS","S",0,2.47712125471966,0,0,3,2.47712125471966
"CC008xCC018","X8036x3609","33","D7","SARS","S",0,3,0,0,3,3
"CC009xCC040","X5489x16557","91","D7","SARS","S",2.47712125471966,5,4,3,5,5
"CC009xCC040","X5489x16557","92","D7","SARS","S",0,5.47712125471966,3.47712125471966,2.47712125471966,4.47712125471966,5.47712125471966
"CC009xCC040","X5489x16557","93","D7","SARS","S",0,5.47712125471966,3.47712125471966,2.47712125471966,5.47712125471966,5.47712125471966
"CC010xCC015","X8018x3154","13","D7","SARS","S",0,2,0,2,2.47712125471966,2.47712125471966
"CC010xCC015","X8018x3154","14","D7","SARS","S",0,2,0,2,2,2.47712125471966
"CC010xCC015","X8018x3154","21","D7","SARS","S",0,0,0,0,2,2
"CC010xCC060","X8018x3460","69","D7","SARS","S",0,4,4,2.47712125471966,3.47712125471966,4.47712125471966
"CC010xCC060","X8018x3460","70","D7","SARS","S",0,4,4,3,4,4.47712125471966
"CC010xCC060","X8018x3460","71","D7","SARS","S",0,4,4,2.47712125471966,4,4.47712125471966
"CC010xCC060","X8018x3460","74","D7","SARS","S",0,3.47712125471966,3.47712125471966,0,3.47712125471966,4
"CC011xCC032","X3252x8002","80","D7","SARS","S",0,3.47712125471966,3,2,3,4
"CC011xCC032","X3252x8002","81","D7","SARS","S",0,3.47712125471966,2.47712125471966,2,3,4
"CC011xCC032","X3252x8002","82","D7","SARS","S",0,2.47712125471966,0,0,2,2.47712125471966
"CC011xCC042","X3252x18042","28","D7","SARS","S",2,2.47712125471966,2,0,3.47712125471966,3
"CC011xCC042","X3252x18042","29","D7","SARS","S",0,3,2.47712125471966,0,3.47712125471966,3.47712125471966
"CC011xCC042","X3252x18042","31","D7","SARS","S",0,3,2.47712125471966,0,3.47712125471966,3
"CC012xCC038","X8005x8049","15","D7","SARS","S",0,2.47712125471966,2,0,3,3
"CC012xCC038","X8005x8049","5","D7","SARS","S",0,3,2,2,3.47712125471966,3.47712125471966
"CC012xCC038","X8005x8049","6","D7","SARS","S",0,3,2.47712125471966,2,3,3.47712125471966
"CC015xCC018","X3154x3609","16","D7","SARS","S",0,3.47712125471966,2.47712125471966,2.47712125471966,4,4
"CC015xCC018","X3154x3609","19","D7","SARS","S",0,3.47712125471966,2.47712125471966,0,4,4
"CC015xCC018","X3154x3609","9","D7","SARS","S",0,3.47712125471966,2.47712125471966,0,4,4
"CC015xCC059","X3154x16012","16","D7","SARS","S",0,3.47712125471966,2.47712125471966,2,3.47712125471966,4
"CC015xCC059","X3154x16012","23","D7","SARS","S",0,3.47712125471966,2.47712125471966,2.47712125471966,3.47712125471966,4
"CC015xCC059","X3154x16012","24","D7","SARS","S",0,3.47712125471966,2.47712125471966,0,3.47712125471966,4
"CC016xCC038","X8024x8049","13","D7","SARS","S",2,3.47712125471966,2.47712125471966,0,4,4
"CC016xCC038","X8024x8049","14","D7","SARS","S",0,2.47712125471966,0,0,3.47712125471966,3
"CC016xCC038","X8024x8049","15","D7","SARS","S",0,2.47712125471966,2,0,3.47712125471966,3.47712125471966
"CC016xCC061","X8024x8048","30","D7","SARS","S",0,2,2,0,3,3
"CC016xCC061","X8024x8048","31","D7","SARS","S",0,2.47712125471966,2,0,3,3
"CC016xCC061","X8024x8048","36","D7","SARS","S",0,2.47712125471966,3,0,3.47712125471966,3.47712125471966
"CC017xCC004","X3032x16188","107","D7","SARS","S",0,4,2.47712125471966,2.47712125471966,4,3.47712125471966
"CC017xCC004","X3032x16188","108","D7","SARS","S",0,3.47712125471966,2.47712125471966,2,3.47712125471966,3.47712125471966
"CC017xCC004","X3032x16188","114","D7","SARS","S",0,3.47712125471966,3,2,3.47712125471966,4
"CC018xCC009","X3609x5489","105","D7","SARS","S",2,3.47712125471966,2.47712125471966,0,3.47712125471966,2.47712125471966
"CC018xCC009","X3609x5489","106","D7","SARS","S",2,4,2.47712125471966,2,4,3.47712125471966
"CC018xCC009","X3609x5489","107","D7","SARS","S",0,3,2.47712125471966,0,3.47712125471966,3.47712125471966
"CC018xCC065","X3609x5119","123","D7","SARS","S",0,3.47712125471966,3,0,2.47712125471966,4
"CC018xCC065","X3609x5119","124","D7","SARS","S",0,3.47712125471966,2.47712125471966,2,2.47712125471966,4
"CC018xCC065","X3609x5119","125","D7","SARS","S",0,4,2.47712125471966,0,2.47712125471966,4.47712125471966
"CC019xCC002","X16513x15156","53","D7","SARS","S",0,3,2.47712125471966,0,4,4
"CC019xCC002","X16513x15156","56","D7","SARS","S",0,3,2,0,3,3
"CC019xCC004","X16513x16188","74","D7","SARS","S",0,4,3,2,4,4.47712125471966
"CC019xCC004","X16513x16188","75","D7","SARS","S",0,4,3,2,4,4
"CC019xCC004","X16513x16188","76","D7","SARS","S",0,4,3,0,3.47712125471966,4
"CC019xCC027","X16513x8027","63","D7","SARS","S",0,4,3.47712125471966,2.47712125471966,4.47712125471966,5.47712125471966
"CC019xCC027","X16513x8027","64","D7","SARS","S",0,4,3,2,4.47712125471966,4.47712125471966
"CC019xCC027","X16513x8027","76","D7","SARS","S",0,4.47712125471966,3.47712125471966,2.47712125471966,4.47712125471966,5
"CC020xCC008","X8054x8036","3","D7","SARS","S",0,3.47712125471966,3,2,4,4
"CC020xCC008","X8054x8036","6","D7","SARS","S",0,3.47712125471966,3,0,3.47712125471966,4
"CC020xCC008","X8054x8036","7","D7","SARS","S",0,4,3,2,4.47712125471966,4.47712125471966
"CC021xCC023","X1566x8043","45","D7","SARS","S",2,3.47712125471966,2,0,3.47712125471966,5.47712125471966
"CC021xCC023","X1566x8043","46","D7","SARS","S",2,3,2,0,3.47712125471966,5
"CC021xCC023","X1566x8043","47","D7","SARS","S",2,2.47712125471966,2,0,3.47712125471966,4
"CC022xCC024","X8046x8004","41","D7","SARS","S",0,3.47712125471966,2.47712125471966,2,3.47712125471966,3.47712125471966
"CC022xCC024","X8046x8004","42","D7","SARS","S",0,3,2.47712125471966,2.47712125471966,3.47712125471966,3.47712125471966
"CC022xCC024","X8046x8004","47","D7","SARS","S",0,3,2.47712125471966,2,3.47712125471966,3.47712125471966
"CC022xCC033","X8046x8033","6","D7","SARS","S",NA,NA,NA,NA,NA,5
"CC022xCC044","X8046x4410","87","D7","SARS","S",0,3.47712125471966,3,2,3.47712125471966,3.47712125471966
"CC022xCC044","X8046x4410","89","D7","SARS","S",0,3,3,0,3,3.47712125471966
"CC022xCC044","X8046x4410","90","D7","SARS","S",0,3.47712125471966,3.47712125471966,0,3.47712125471966,4
"CC022xCC044","X8046x4410","91","D7","SARS","S",0,3,3,0,3,3.47712125471966
"CC024xCC052","X8004x8052","32","D7","SARS","S",0,4,3.47712125471966,2.47712125471966,4,4.47712125471966
"CC024xCC052","X8004x8052","33","D7","SARS","S",0,4,3.47712125471966,2,4,4.47712125471966
"CC024xCC052","X8004x8052","37","D7","SARS","S",0,4,4,2.47712125471966,4,4.47712125471966
"CC025xCC028","X8008x8016","37","D7","SARS","S",0,4.47712125471966,3.47712125471966,2,5.47712125471966,4.47712125471966
"CC025xCC028","X8008x8016","53","D7","SARS","S",0,4.47712125471966,3,3,4,4.47712125471966
"CC025xCC028","X8008x8016","54","D7","SARS","S",0,4,3,2,3.47712125471966,4
"CC026xCC034","X8026x5080","84","D7","SARS","S",0,3,2,2,3.47712125471966,4.47712125471966
"CC026xCC034","X8026x5080","86","D7","SARS","S",0,3,2.47712125471966,0,3.47712125471966,5
"CC026xCC034","X8026x5080","87","D7","SARS","S",0,3.47712125471966,2.47712125471966,2.47712125471966,3.47712125471966,4.47712125471966
"CC027xCC036","X8027x477","85","D7","SARS","S",0,3.47712125471966,3,0,2,3.47712125471966
"CC027xCC036","X8027x477","86","D7","SARS","S",0,3.47712125471966,3,0,0,3.47712125471966
"CC027xCC036","X8027x477","93","D7","SARS","S",0,3,2.47712125471966,0,2.47712125471966,3.47712125471966
"CC027xCC045","X8027x8045","44","D7","SARS","S",0,4,2.47712125471966,2.47712125471966,3.47712125471966,4.47712125471966
"CC027xCC045","X8027x8045","53","D7","SARS","S",0,2,0,0,2.47712125471966,3
"CC027xCC045","X8027x8045","54","D7","SARS","S",0,2.47712125471966,2,0,3,3.47712125471966
"CC027xCC045","X8027x8045","57","D7","SARS","S",0,3,2,2.47712125471966,3.47712125471966,4
"CC028xCC024","X8016x8004","74","D7","SARS","S",0,3.47712125471966,3.47712125471966,3,4,4.47712125471966
"CC028xCC024","X8016x8004","75","D7","SARS","S",0,3.47712125471966,3,2,3.47712125471966,4
"CC028xCC024","X8016x8004","76","D7","SARS","S",0,3.47712125471966,3,2,3.47712125471966,4
"CC028xCC024","X8016x8004","81","D7","SARS","S",0,3.47712125471966,3.47712125471966,2,3.47712125471966,4
"CC028xCC030","X8016x8034","185","D7","SARS","S",0,4,3,2,4.47712125471966,4.47712125471966
"CC028xCC030","X8016x8034","186","D7","SARS","S",0,4,3,2,3,4.47712125471966
"CC028xCC030","X8016x8034","189","D7","SARS","S",0,3.47712125471966,2.47712125471966,0,3,4
"CC029xCC027","X3564x8027","115","D7","SARS","S",0,3.47712125471966,2.47712125471966,2,0,4
"CC029xCC027","X3564x8027","124","D7","SARS","S",0,3.47712125471966,2.47712125471966,0,0,4
"CC029xCC027","X3564x8027","127","D7","SARS","S",0,3,2.47712125471966,0,0,4
"CC029xCC071","X3564x16785","31","D7","SARS","S",2,4,3.47712125471966,2.47712125471966,4,5.47712125471966
"CC029xCC071","X3564x16785","32","D7","SARS","S",2,4,3.47712125471966,2.47712125471966,4.47712125471966,5.47712125471966
"CC029xCC071","X3564x16785","33","D7","SARS","S",2,4,3.47712125471966,2.47712125471966,4,5.47712125471966
"CC030xCC023","X8034x8043","117","D7","SARS","S",0,2.47712125471966,2.47712125471966,0,2,3
"CC030xCC061","X8034x8048","14","D7","SARS","S",2,3.47712125471966,3,2.47712125471966,3,3.47712125471966
"CC030xCC061","X8034x8048","15","D7","SARS","S",5.47712125471966,3,2.47712125471966,0,3,3.47712125471966
"CC030xCC061","X8034x8048","33","D7","SARS","S",0,2,2,0,2,2
"CC032xCC013","X8002x8010","42","D7","SARS","S",2,3,2,0,3,3
"CC032xCC013","X8002x8010","44","D7","SARS","S",0,3.47712125471966,2.47712125471966,0,3.47712125471966,3.47712125471966
"CC032xCC017","X8002x3032","47","D7","SARS","S",0,5,3,4,5,5.47712125471966
"CC032xCC017","X8002x3032","48","D7","SARS","S",0,5,3,4,5,5
"CC032xCC017","X8002x3032","76","D7","SARS","S",0,5,3,3.47712125471966,4.47712125471966,5
"CC033xCC046","X8033x5346","88","D7","SARS","S",0,4,2,0,3.47712125471966,4.47712125471966
"CC033xCC046","X8033x5346","89","D7","SARS","S",2,4,3,0,4,4
"CC033xCC046","X8033x5346","90","D7","SARS","S",0,3.47712125471966,3,0,3.47712125471966,5
"CC033xCC046","X8033x5346","91","D7","SARS","S",0,3,2.47712125471966,0,3.47712125471966,4.47712125471966
"CC033xCC068","X8033x16768","62","D7","SARS","S",0,3,2.47712125471966,0,3.47712125471966,3
"CC033xCC068","X8033x16768","67","D7","SARS","S",0,3.47712125471966,2,0,3.47712125471966,3.47712125471966
"CC033xCC068","X8033x16768","71","D7","SARS","S",0,0,0,0,2,0
"CC035xCC020","X5035x8054","35","D7","SARS","S",0,4,2.47712125471966,2.47712125471966,4.47712125471966,5.47712125471966
"CC035xCC020","X5035x8054","36","D7","SARS","S",0,4.47712125471966,3,3,4.47712125471966,5.47712125471966
"CC035xCC020","X5035x8054","37","D7","SARS","S",3,4.47712125471966,3,3,4.47712125471966,5
"CC035xCC071","X5035x16785","60","D7","SARS","S",0,3,3.47712125471966,2,3.47712125471966,4.47712125471966
"CC035xCC071","X5035x16785","68","D7","SARS","S",0,3,3.47712125471966,2,3.47712125471966,4
"CC035xCC071","X5035x16785","74","D7","SARS","S",0,3.47712125471966,4,3,3.47712125471966,4.47712125471966
"CC036xCC051","X477x16912","73","D7","SARS","S",0,3,0,0,3,3.47712125471966
"CC036xCC051","X477x16912","74","D7","SARS","S",0,3,2.47712125471966,0,3.47712125471966,3.47712125471966
"CC036xCC051","X477x16912","75","D7","SARS","S",0,2,0,0,3,3
"CC037xCC046","X16072x5346","58","D7","SARS","S",0,4,2.47712125471966,2,3.47712125471966,4
"CC037xCC046","X16072x5346","66","D7","SARS","S",0,3.47712125471966,2.47712125471966,2,3.47712125471966,4
"CC037xCC046","X16072x5346","73","D7","SARS","S",0,3.47712125471966,2.47712125471966,0,3.47712125471966,4
"CC037xCC057","X16072x3393","22","D7","SARS","S",0,4,3,2.47712125471966,4,4
"CC037xCC057","X16072x3393","36","D7","SARS","S",0,3,2.47712125471966,0,3,3
"CC037xCC057","X16072x3393","37","D7","SARS","S",0,3.47712125471966,2.47712125471966,2,3.47712125471966,3.47712125471966
"CC039xCC020","X15155x8054","51","D7","SARS","S",3,4,3.47712125471966,3,3.47712125471966,4
"CC039xCC020","X15155x8054","52","D7","SARS","S",2,4,4,2.47712125471966,3.47712125471966,4.47712125471966
"CC039xCC020","X15155x8054","56","D7","SARS","S",2,3.47712125471966,3.47712125471966,0,3,4
"CC040xCC003","X16557x13067","137","D7","SARS","S",0,3,2.47712125471966,0,4,4
"CC040xCC003","X16557x13067","138","D7","SARS","S",0,3,2.47712125471966,2,4.47712125471966,4
"CC040xCC003","X16557x13067","139","D7","SARS","S",5.47712125471966,3.47712125471966,2.47712125471966,0,4.47712125471966,4
"CC040xCC003","X16557x13067","140","D7","SARS","S",0,3.47712125471966,2.47712125471966,0,4,4
"CC040xCC015","X16557x3154","33","D7","SARS","S",0,4.47712125471966,3.47712125471966,2.47712125471966,4,4.47712125471966
"CC040xCC015","X16557x3154","38","D7","SARS","S",0,4.47712125471966,3.47712125471966,2.47712125471966,4,4.47712125471966
"CC040xCC015","X16557x3154","39","D7","SARS","S",0,4.47712125471966,3.47712125471966,3,4,4.47712125471966
"CC041xCC012","X16441x8005","33","D7","SARS","S",0,0,0,0,0,NA
"CC041xCC012","X16441x8005","53","D7","SARS","S",0,3,3,0,3.47712125471966,NA
"CC041xCC012","X16441x8005","54","D7","SARS","S",0,3,2.47712125471966,0,3.47712125471966,NA
"CC041xCC016","X16441x8024","12","D7","SARS","S",0,3.47712125471966,3,2,4,4
"CC041xCC016","X16441x8024","3","D7","SARS","S",2.47712125471966,3.47712125471966,2.47712125471966,3,3.47712125471966,4
"CC041xCC016","X16441x8024","4","D7","SARS","S",0,3.47712125471966,2.47712125471966,2.47712125471966,4,4
"CC042xCC019","X18042x16513","26","D7","SARS","S",0,2,2,0,3,3
"CC042xCC019","X18042x16513","76","D7","SARS","S",0,2,2,2,2.47712125471966,2.47712125471966
"CC042xCC019","X18042x16513","77","D7","SARS","S",0,2.47712125471966,2,0,3.47712125471966,3.47712125471966
"CC043xCC033","X8021x8033","34","D7","SARS","S",0,4,2,2.47712125471966,4.47712125471966,2
"CC043xCC033","X8021x8033","41","D7","SARS","S",0,4,0,2,4,3.47712125471966
"CC043xCC033","X8021x8033","42","D7","SARS","S",0,3.47712125471966,2,0,4,3
"CC043xCC037","X8021x16072","154","D7","SARS","S",2,3.47712125471966,3,2,2.47712125471966,3.47712125471966
"CC043xCC037","X8021x16072","155","D7","SARS","S",0,4,3,3,3.47712125471966,4
"CC043xCC037","X8021x16072","157","D7","SARS","S",2,3.47712125471966,3,0,3,3.47712125471966
"CC044xCC060","X4410x3460","1","D7","SARS","S",2,4,3,2,4.47712125471966,5
"CC044xCC060","X4410x3460","2","D7","SARS","S",0,3.47712125471966,2.47712125471966,0,4.47712125471966,5
"CC044xCC060","X4410x3460","6","D7","SARS","S",0,4,3,2,4.47712125471966,NA
"CC045xCC044","X8045x4410","45","D7","SARS","S",0,3,2.47712125471966,0,2.47712125471966,3
"CC045xCC044","X8045x4410","46","D7","SARS","S",0,2,0,0,2.47712125471966,2.47712125471966
"CC045xCC044","X8045x4410","47","D7","SARS","S",0,2.47712125471966,2,0,2.47712125471966,2.47712125471966
"CC045xCC044","X8045x4410","48","D7","SARS","S",0,3,2,0,3,3
"CC046xCC068","X5346x16768","25","D7","SARS","S",0,3.47712125471966,3,0,3,4
"CC046xCC068","X5346x16768","26","D7","SARS","S",0,3,2.47712125471966,0,2.47712125471966,3.47712125471966
"CC046xCC068","X5346x16768","27","D7","SARS","S",0,3,3,0,2.47712125471966,3.47712125471966
"CC051xCC009","X16912x5489","82","D7","SARS","S",0,3.47712125471966,2.47712125471966,2.47712125471966,3,4
"CC051xCC009","X16912x5489","91","D7","SARS","S",0,2,0,0,3,3
"CC051xCC009","X16912x5489","92","D7","SARS","S",0,2.47712125471966,0,0,3.47712125471966,3.47712125471966
"CC052xCC014","X8052x3415","61","D7","SARS","S",2,3,2.47712125471966,2.47712125471966,3.47712125471966,3.47712125471966
"CC052xCC014","X8052x3415","63","D7","SARS","S",2,3.47712125471966,3,2,3.47712125471966,4
"CC052xCC014","X8052x3415","64","D7","SARS","S",2,3.47712125471966,2.47712125471966,2.47712125471966,3,4
"CC055xCC006","X16680x16750","26","D7","SARS","S",0,3.47712125471966,2.47712125471966,3.47712125471966,3.47712125471966,5.47712125471966
"CC055xCC006","X16680x16750","30","D7","SARS","S",0,3.47712125471966,2,0,2.47712125471966,5.47712125471966
"CC055xCC028","X16680x8016","14","D7","SARS","S",2,4.47712125471966,3.47712125471966,2.47712125471966,4.47712125471966,5
"CC055xCC028","X16680x8016","16","D7","SARS","S",2,4,3.47712125471966,2.47712125471966,4,5.47712125471966
"CC055xCC028","X16680x8016","7","D7","SARS","S",2.47712125471966,5,4,3,4.47712125471966,5.47712125471966
"CC055xCC028","X16680x8016","8","D7","SARS","S",3.47712125471966,5,4,3.47712125471966,4.47712125471966,5.47712125471966
"CC056xCC033","X8056x8033","102","D7","SARS","S",0,NA,2.47712125471966,2,3,4
"CC056xCC033","X8056x8033","96","D7","SARS","S",0,2,2,0,3,4
"CC056xCC033","X8056x8033","97","D7","SARS","S",0,2.47712125471966,2.47712125471966,2,3,3.47712125471966
"CC056xCC033","X8056x8033","98","D7","SARS","S",0,2.47712125471966,2,0,3,4
"CC059xCC065","X16012x5119","10","D7","SARS","S",0,0,0,0,2.47712125471966,3
"CC059xCC065","X16012x5119","11","D7","SARS","S",0,2,0,0,2.47712125471966,3
"CC059xCC065","X16012x5119","21","D7","SARS","S",0,2.47712125471966,0,0,2.47712125471966,3.47712125471966
"CC060xCC006","X3460x16750","19","D7","SARS","S",2,4.47712125471966,3.47712125471966,NA,NA,4.47712125471966
"CC060xCC006","X3460x16750","20","D7","SARS","S",2,4.47712125471966,3.47712125471966,NA,NA,5
"CC060xCC006","X3460x16750","21","D7","SARS","S",0,4.47712125471966,3.47712125471966,NA,NA,4.47712125471966
"CC060xCC006","X3460x16750","37","D7","SARS","S",2,4.47712125471966,3.47712125471966,NA,NA,4.47712125471966
"CC060xCC037","X3460x16072","43","D7","SARS","S",0,4.47712125471966,3.47712125471966,3,4.47712125471966,4.47712125471966
"CC060xCC037","X3460x16072","44","D7","SARS","S",0,5,4,3.47712125471966,5,5
"CC060xCC037","X3460x16072","46","D7","SARS","S",0,5,4,3.47712125471966,5,5.47712125471966
"CC060xCC037","X3460x16072","47","D7","SARS","S",0,5,3.47712125471966,3,4.47712125471966,4.47712125471966
"CC061xCC025","X8048x8008","47","D7","SARS","S",0,3.47712125471966,3,0,3.47712125471966,4
"CC061xCC026","X8048x8026","130","D7","SARS","S",0,3.47712125471966,2.47712125471966,2.47712125471966,4,4
"CC061xCC026","X8048x8026","131","D7","SARS","S",0,3.47712125471966,2.47712125471966,0,3.47712125471966,3.47712125471966
"CC061xCC026","X8048x8026","132","D7","SARS","S",0,3,2,0,3.47712125471966,3.47712125471966
"CC061xCC039","X8048x15155","75","D7","SARS","S",2,3.47712125471966,2,2.47712125471966,4,4
"CC061xCC039","X8048x15155","95","D7","SARS","S",0,4,3,2.47712125471966,4,4.47712125471966
"CC062xCC072","X5306x16521","42","D7","SARS","S",0,3,3,0,3.47712125471966,3.47712125471966
"CC062xCC072","X5306x16521","44","D7","SARS","S",0,3,2.47712125471966,0,3.47712125471966,3.47712125471966
"CC062xCC072","X5306x16521","45","D7","SARS","S",0,3,3,0,3.47712125471966,3.47712125471966
"CC062xCC072","X5306x16521","46","D7","SARS","S",0,3,3,0,3.47712125471966,3.47712125471966
"CC063xCC002","X5391x15156","25","D7","SARS","S",3,3.47712125471966,4.47712125471966,3,3,0
"CC063xCC002","X5391x15156","26","D7","SARS","S",3.47712125471966,3.47712125471966,4,3.47712125471966,2.47712125471966,0
"CC063xCC002","X5391x15156","27","D7","SARS","S",3.47712125471966,0,4,2,3,0
"CC065xCC072","X5119x16521","54","D7","SARS","S",3.47712125471966,3.47712125471966,3.47712125471966,2,3.47712125471966,4
"CC065xCC072","X5119x16521","59","D7","SARS","S",4,4,3.47712125471966,0,3.47712125471966,4
"CC065xCC072","X5119x16521","60","D7","SARS","S",3.47712125471966,3.47712125471966,3.47712125471966,0,3.47712125471966,4
"CC068xCC043","X16768x8021","56","D7","SARS","S",0,3,2,2,3.47712125471966,3.47712125471966
"CC068xCC043","X16768x8021","57","D7","SARS","S",0,3,2,0,3.47712125471966,3.47712125471966
"CC068xCC043","X16768x8021","61","D7","SARS","S",0,3,2.47712125471966,0,3,3.47712125471966
"CC070xCC003","X16034x13067","27","D7","SARS","S",0,2.47712125471966,0,0,2.47712125471966,3
"CC070xCC003","X16034x13067","28","D7","SARS","S",0,2,0,0,2.47712125471966,3
"CC070xCC003","X16034x13067","29","D7","SARS","S",0,0,0,0,2.47712125471966,2.47712125471966
"CC071xCC053","X16785x773","52","D7","SARS","S",0,3.47712125471966,2.47712125471966,0,3.47712125471966,4
"CC071xCC053","X16785x773","53","D7","SARS","S",0,3.47712125471966,3,0,3.47712125471966,4
"CC071xCC053","X16785x773","59","D7","SARS","S",0,3.47712125471966,2.47712125471966,2.47712125471966,3.47712125471966,3.47712125471966
"CC072xCC063","X16521x5391","61","D7","SARS","S",0,3.47712125471966,2,2,4,3.47712125471966
"CC072xCC063","X16521x5391","66","D7","SARS","S",0,3,2,0,4,3.47712125471966
"CC072xCC063","X16521x5391","73","D7","SARS","S",0,3,2,0,3.47712125471966,3
"CC072xCC075","X16521x3260","20","D7","SARS","S",0,3.47712125471966,2.47712125471966,0,4,4.47712125471966
"CC072xCC075","X16521x3260","21","D7","SARS","S",0,0,0,2,0,4.47712125471966
"CC072xCC075","X16521x3260","25","D7","SARS","S",0,3.47712125471966,3,2,3.47712125471966,4.47712125471966
"CC072xCC075","X16521x3260","26","D7","SARS","S",0,3.47712125471966,2.47712125471966,2.47712125471966,3,4.47712125471966
"CC074xCC058","X3015x5358","113","D7","SARS","S",NA,NA,3.47712125471966,NA,NA,5
"CC074xCC058","X3015x5358","114","D7","SARS","S",2,NA,NA,2.47712125471966,NA,NA
"CC074xCC058","X3015x5358","115","D7","SARS","S",NA,4.47712125471966,NA,NA,5,NA
"CC075xCC021","X3260x1566","103","D7","SARS","S",0,4,3.47712125471966,2,3.47712125471966,4.47712125471966
"CC075xCC021","X3260x1566","110","D7","SARS","S",0,3.47712125471966,3.47712125471966,2,3.47712125471966,4
"CC075xCC021","X3260x1566","96","D7","SARS","S",0,3.47712125471966,3.47712125471966,2.47712125471966,3.47712125471966,4.47712125471966
"CC075xCC021","X3260x1566","99","D7","SARS","S",0,3,2.47712125471966,0,3,3.47712125471966
"CC075xCC035","X3260x5035","71","D7","SARS","S",0,4.47712125471966,2.47712125471966,2.47712125471966,5,4.47712125471966
"CC075xCC035","X3260x5035","72","D7","SARS","S",0,4.47712125471966,3,2.47712125471966,4.47712125471966,4.47712125471966
"CC075xCC035","X3260x5035","77","D7","SARS","S",0,4.47712125471966,3,3,4.47712125471966,4.47712125471966
