"RIX","dam","sire","ID","day","virus","antigen_virus","antigen","cohort","assay_date","IgG1","IgG2ac","IgG2b","IgG3","IgM","TotalG"
"X13067x16912",13067,16912,162,10,"Influenza","Influenza","HA","1_14i","2014_05_06",-2.48490844190117,1.23679959127365,1.11632447872242,0.513887238727044,-0.955236293712848,3.6987818261515
"X13067x16912",13067,16912,163,10,"Influenza","Influenza","HA","1_14i","2014_05_06",-3.67048897307433,1.95704378764985,1.46284342755684,-1.4504275950769,-1.84062266868726,4.86492887179774
"X13067x16912",13067,16912,164,10,"Influenza","Influenza","HA","1_14i","2014_05_06",-3.81626868905996,1.37502310775922,0.812366646804935,-0.442945938759147,-1.90370166376768,2.67318053799582
"X13140x16680",13140,16680,42,10,"Influenza","Influenza","HA","7_14vii","2014_09_17",-2.24771458635425,1.28658767330175,1.00694886147187,-0.967611514051057,-0.96334638176161,2.57398641858836
"X13140x16680",13140,16680,43,10,"Influenza","Influenza","HA","7_14vii","2014_09_17",-1.78849206019569,1.57228225608225,1.08107369339416,-2.23480606338523,-2.01272582071022,3.19596953259359
"X13140x16680",13140,16680,47,10,"Influenza","Influenza","HA","7_14vii","2014_09_17",-4.42858473556164,1.96813886622243,0.9755064457136,-2.09170120728962,-1.60245437314518,4.07313923297116
"X13140x3015",13140,3015,163,10,"Influenza","Influenza","HA","3_13iii","2013_11_26",1.57722967427233,1.84098985046335,NA,-1.46811654700761,-0.790445136856142,5.28864878213176
"X13140x3015",13140,3015,179,10,"Influenza","Influenza","HA","3_13iii","2013_12_17",-2.15186036529828,1.24022369058782,0.841282674776351,-1.65517723231319,-0.0972039459823003,NA
"X13140x3015",13140,3015,180,10,"Influenza","Influenza","HA","3_13iii","2013_11_26",-0.00590547346082979,1.61712771001086,NA,-0.943993821967185,-0.566960462135312,3.88738090198074
"X13421x16034",13421,16034,17,10,"Influenza","Influenza","HA","5_15v","2016_02_22",-3.27266822302871,1.31652508855714,1.19831724175401,-1.79472701548237,-0.264227053999756,2.46072453118783
"X13421x16034",13421,16034,7,10,"Influenza","Influenza","HA","5_15v","2016_02_22",0.311942356423789,1.24683650104681,1.71584178228347,-0.803161402720042,-1.40064744958273,4.06224362950905
"X13421x3260",13421,3260,63,10,"Influenza","Influenza","HA","3_16iii","2016_10_10",-1.22648101493392,1.64540222258111,1.14692574859287,-1.52426743109004,0.267587743791626,4.02868809884394
"X13421x3260",13421,3260,63,10,"Influenza","Influenza","HA","3_16iii","2016_11_25",-1.42524118950784,1.6566608172039,1.00296527598275,-1.23383911288196,0.252670249865531,3.96988090198074
"X13421x3260",13421,3260,64,10,"Influenza","Influenza","HA","3_16iii","2016_11_25",1.82729432863171,2.43522726087197,1.49507709861936,0.892421976613703,-0.11716558584437,7.29313723075215
"X13421x3260",13421,3260,65,10,"Influenza","Influenza","HA","3_16iii","2016_10_10",0.922237461996855,2.18124022825289,1.26558905418349,0.0894144195305768,0.452831243722297,5.48581870652329
"X13421x3260",13421,3260,66,10,"Influenza","Influenza","HA","3_16iii","2016_10_10",-0.531124680512122,1.98964438190541,1.48235459092762,-0.636973055562433,0.0750996274616919,5.27681204173095
"X15155x8054",15155,8054,10,10,"Influenza","Influenza","HA","5_14v","2015_05_06",1.10676612084369,2.74656199650167,2.39127192808589,1.11641226415607,-0.347132824496992,8.74940977347652
"X15155x8054",15155,8054,16,10,"Influenza","Influenza","HA","5_14v","2015_05_06",-0.35083969974553,1.94718963996219,1.01029550319485,0.5272118928153,-1.12372099791813,4.82082847969784
"X15155x8054",15155,8054,17,10,"Influenza","Influenza","HA","5_14v","2015_05_06",-0.775550976284869,2.01173969088021,1.52012501520531,0.0960533928989665,-0.348128102337953,5.06722385914598
"X15156x1566",15156,1566,195,10,"Influenza","Influenza","HA","3_13iii","2013_12_05",0.973800429202139,1.22282907614852,1.77486128139041,1.51971663450908,-0.684215637089406,NA
"X15156x1566",15156,1566,199,10,"Influenza","Influenza","HA","3_13iii","2013_12_17",0.709709282685509,2.02090237312924,1.61737030346495,0.594289480852958,-2.35178327928371,NA
"X15156x1566",15156,1566,200,10,"Influenza","Influenza","HA","3_13iii","2013_12_17",-2.19346977584697,0.711420912284044,0.482632390250063,-6.2614455354935,-3.4637015689299,NA
"X15156x3252",15156,3252,20,10,"Influenza","Influenza","HA","10_13x","2014_04_22",-2.56833269972519,2.43117098440461,2.23626692930417,-0.986985304343952,0.417596747365455,NA
"X15156x3252",15156,3252,20,10,"Influenza","Influenza","HA","10_13x","2014_01_17",NA,NA,NA,NA,NA,3.97515233854188
"X15156x3252",15156,3252,34,10,"Influenza","Influenza","HA","10_13x","2014_01_17",NA,NA,NA,NA,NA,0.550822514760364
"X15156x3252",15156,3252,34,10,"Influenza","Influenza","HA","10_13x","2014_05_02",-3.2521877898507,1.16617522693325,0.544685558758816,-0.876907195006083,-1.3774988787809,NA
"X15156x3252",15156,3252,34,10,"Influenza","Influenza","HA","10_13x","2014_04_15",-3.25633578144814,1.48433108059768,0.531248325187756,-0.518416576281958,-1.06321922299471,NA
"X15156x3252",15156,3252,49,10,"Influenza","Influenza","HA","10_13x","2014_01_04",-0.632103505309116,0.457646904185775,0.575980991473215,-1.21593211231798,-2.35484452757706,NA
"X15156x3252",15156,3252,49,10,"Influenza","Influenza","HA","10_13x","2014_04_15",-1.1026029345041,0.435097783528571,0.603959422556886,-1.16299660143738,-1.62657979799343,NA
"X15156x3252",15156,3252,49,10,"Influenza","Influenza","HA","10_13x","2014_01_17",NA,NA,NA,NA,NA,0.296113721684564
"X1566x8043",1566,8043,32,10,"Influenza","Influenza","HA","6_14vi","2014_09_17",-3.66651916553455,0.378955808663914,0.359419785118114,-2.80376541934532,-2.21914184481856,0.370155922765014
"X1566x8043",1566,8043,39,10,"Influenza","Influenza","HA","6_14vi","2014_08_14",-2.46318516351295,1.42853471277989,0.674586922617175,-1.87693563285198,-1.52897532854286,2.55726339987211
"X1566x8043",1566,8043,40,10,"Influenza","Influenza","HA","6_14vi","2014_09_17",-3.83288629360315,0.615697758741298,0.479592407278069,-1.69846945417139,-2.81466652208984,0.618252758454797
"X16034x13067",16034,13067,32,10,"Influenza","Influenza","HA","6_15vi","2016_01_13",-3.77924851492388,0.365004881390451,0.429914548716798,-2.37635311895027,-0.926449904802294,1.09613548036012
"X16034x13067",16034,13067,39,10,"Influenza","Influenza","HA","6_15vi","2016_01_13",-3.7184642997501,0.563691303617524,0.888691974124688,-2.30700847124935,-1.74149677283783,1.40823010372345
"X16034x13067",16034,13067,45,10,"Influenza","Influenza","HA","6_15vi","2016_01_13",-1.90129127874755,0.349598040990365,0.488972800214283,-2.00434809683895,-1.3861913139752,0.784969336392655
"X16072x3393",16072,3393,117,10,"Influenza","Influenza","HA","9_14ix","2016_08_01",1.75348932332626,2.25848982318471,1.9281688578779,0.20215156946891,-0.612027122123325,6.01767166087705
"X16072x3393",16072,3393,121,10,"Influenza","Influenza","HA","9_14ix","2016_08_01",1.74359880869315,2.10882950655156,1.93360338200973,0.750606040990048,-0.204733172352973,5.86535135844312
"X16072x3393",16072,3393,148,10,"Influenza","Influenza","HA","9_14ix","2016_08_01",1.21925696958064,2.20835796864202,1.82845121792584,0.838718788175615,-1.03028709440155,5.20724362950906
"X16072x5346",16072,5346,10,10,"Influenza","Influenza","HA","6_15vi","2016_01_13",-3.46578922255988,0.613198527011347,0.757070619404168,-2.12321102885611,-2.64853525950182,0.68916880432179
"X16072x5346",16072,5346,23,10,"Influenza","Influenza","HA","6_15vi","2016_01_13",-3.63841103072482,0.230529202597136,0.29642171970107,-2.94981056313208,-2.98857008075678,0.131689246726687
"X16072x5346",16072,5346,9,10,"Influenza","Influenza","HA","6_15vi","2016_01_13",-3.59321394927934,0.316877884051727,0.3071529865804,-3.00150189614389,-2.79752615887673,0.216077961382505
"X16188x3252",16188,3252,198,10,"Influenza","Influenza","HA","6_13vi","2013_12_05",-3.13747910231774,1.6188348054698,1.26782194053024,-1.21180513317348,0.605529611979526,NA
"X16188x3252",16188,3252,199,10,"Influenza","Influenza","HA","6_13vi","2017_07_19",-1.84204414910952,1.23394386999394,0.563447528006571,-1.86481753914808,0.233968601866962,1.80110702907921
"X16188x3252",16188,3252,217,10,"Influenza","Influenza","HA","6_13vi","2013_12_05",-4.1692395228503,1.70527592376819,0.813783544514187,-0.375528032852379,0.350100297974871,NA
"X16188x3252",16188,3252,218,10,"Influenza","Influenza","HA","6_13vi","2013_12_03",-4.25917627646248,0.928688201467285,0.561838577847184,-2.30533656439526,-0.0175075613590582,NA
"X16188x8005",16188,8005,74,10,"Influenza","Influenza","HA","11_13xi","2013_12_17",-0.255649204803741,1.26470224667035,1.27220455299173,-0.424715197665221,-1.09775217128628,NA
"X16188x8005",16188,8005,74,10,"Influenza","Influenza","HA","11_13xi","2013_12_12",NA,NA,NA,NA,NA,4.2374499982729
"X16211x16557",16211,16557,90,10,"Influenza","Influenza","HA","5_14v","2015_05_06",1.2284356072992,2.28920136148488,1.44963581409055,0.508845417564134,-1.66410969106628,6.68171075357527
"X16211x16557",16211,16557,94,10,"Influenza","Influenza","HA","5_14v","2015_05_06",-3.18679921276226,0.93721635123133,0.871522147845524,-1.73236508960973,0.425377326949337,3.30101817445242
"X16211x16557",16211,16557,97,10,"Influenza","Influenza","HA","5_14v","2015_05_06",0.969047033456619,2.36273320060982,2.16866311174535,-1.76168885293892,-0.943069371167675,6.63542310306119
"X16211x8054",16211,8054,16,10,"Influenza","Influenza","HA","2_16ii","2016_10_10",-1.91979480346466,0.804484316480587,0.841673217898454,-1.78536990076407,0.422357157717936,2.70525740712161
"X16211x8054",16211,8054,31,10,"Influenza","Influenza","HA","2_16ii","2016_10_10",-0.111895246466966,1.03402133061071,1.10326198456542,-1.73693943541298,0.579424251294892,3.83264234135338
"X16211x8054",16211,8054,38,10,"Influenza","Influenza","HA","2_16ii","2016_10_10",-1.5545526938095,1.37390842602478,1.52462883462851,-1.1228269419965,0.666182583067027,4.74970764519305
"X16441x8005",16441,8005,131,10,"Influenza","Influenza","HA","6_13vi","2013_12_19",-2.07500892703824,1.37341094765389,0.854592466323519,-2.37417464400301,0.0610008372512666,NA
"X16441x8005",16441,8005,137,10,"Influenza","Influenza","HA","6_13vi","2017_07_19",1.17070500736212,1.97475289749014,1.72955544220862,0.407477289411278,1.73044330607322,6.96581181771701
"X16441x8024",16441,8024,81,10,"Influenza","Influenza","HA","7_14vii","2014_09_17",0.414724043848192,1.13211351632101,0.914806744964828,0.744127714000455,-1.03873638129165,4.82498885492875
"X16441x8024",16441,8024,82,10,"Influenza","Influenza","HA","7_14vii","2014_09_17",-3.81108474299106,0.85227593243117,0.397499958194268,-2.26022969044071,-2.92393039469618,0.694779641638078
"X16441x8024",16441,8024,83,10,"Influenza","Influenza","HA","7_14vii","2014_08_20",-2.54590813471998,1.4492549965358,0.8674762785709,0.492765408594956,0.569198704320981,4.49868476644777
"X16513x15156",16513,15156,239,10,"Influenza","Influenza","HA","1_15i","2015_11_09",-2.88433317992668,1.21478507255904,0.746211809020048,-1.53920430984747,-2.06565695343312,1.60017966975306
"X16513x15156",16513,15156,240,10,"Influenza","Influenza","HA","1_15i","2015_11_09",-2.74439121118112,2.35362711565507,1.86857882110663,0.350086051643036,-2.06236212947477,4.85382203891946
"X16513x15156",16513,15156,241,10,"Influenza","Influenza","HA","1_15i","2016_08_01",0.921245281919859,1.72486485827739,1.2147325010887,0.934019697828484,-0.410327216931683,3.43029271939578
"X16513x15156",16513,15156,302,10,"Influenza","Influenza","HA","4_15iv","2015_05_19",0.59619767550837,0.895339374757884,1.1910120676809,0.235330538916046,1.22499498359142,4.55479249538183
"X16513x15156",16513,15156,304,10,"Influenza","Influenza","HA","4_15iv","2015_05_19",0.828394851996532,2.54861330292642,2.0439633202686,1.11077069873707,1.07047792750785,7.3725406051698
"X16513x15156",16513,15156,312,10,"Influenza","Influenza","HA","4_15iv","2015_05_19",1.22422857987543,1.69927479721005,2.34466192467658,0.271926248036652,-0.21581156295593,5.97523363232056
"X16513x16188",16513,16188,134,10,"Influenza","Influenza","HA","2_14ii","2014_08_12",-2.87235948810441,2.07675954695805,1.07569777688046,-1.05447468784544,0.709344362656339,5.55024029711288
"X16513x16188",16513,16188,135,10,"Influenza","Influenza","HA","2_14ii","2014_08_12",-2.85268060495144,1.62354626187718,0.886125340018253,-1.05486944485801,0.210071533200671,3.06041422594241
"X16513x8027",16513,8027,33,10,"Influenza","Influenza","HA","1_16i","2016_10_10",0.420223857568704,1.71518668373726,1.28548485977282,0.111218056587812,0.715099033316907,5.03187756958457
"X16513x8027",16513,8027,43,10,"Influenza","Influenza","HA","1_16i","2016_10_10",-1.32712731832842,1.83141746171387,0.819731260355583,-2.44969304955284,-1.268135876991,3.70813590057499
"X16513x8027",16513,8027,46,10,"Influenza","Influenza","HA","1_16i","2016_10_10",-1.99736339954044,1.38661790457598,1.03720857320385,-0.269373304134998,0.472918621919801,3.89055726715064
"X16513x8027",16513,8027,52,10,"Influenza","Influenza","HA","1_16i","2016_11_25",-0.903395032319074,1.65976636222071,0.975805255987336,-0.77723454040841,0.318342648448109,3.58555749116459
"X16521x5391",16521,5391,75,10,"Influenza","Influenza","HA","12_15xii","2016_11_25",-0.827061988541783,1.85415587466412,1.40532463463132,-0.673007526330369,-0.506940852076931,3.81476650825434
"X16521x5391",16521,5391,77,10,"Influenza","Influenza","HA","12_15xii","2016_11_25",-0.273124276066148,2.07990500861644,1.17324913201996,0.118326626159003,-0.293040114304762,4.93702772361304
"X16521x5391",16521,5391,79,10,"Influenza","Influenza","HA","12_15xii","2016_11_25",0.830792155299904,2.00891277161014,1.98978152668536,-0.0491475633969595,-0.595613004758471,5.3046030246412
"X16521x5391",16521,5391,80,10,"Influenza","Influenza","HA","12_15xii","2016_11_25",1.42778402187341,2.2047605503922,1.46075895280871,-0.360526693609085,0.237529477956204,5.69419453962234
"X16557x13067",16557,13067,129,10,"Influenza","Influenza","HA","5_14v","2015_05_06",-3.43499860902661,0.819880960041026,0.865071255951739,-0.232387347899093,0.667088560231677,3.77265855530633
"X16557x13067",16557,13067,130,10,"Influenza","Influenza","HA","5_14v","2015_05_06",-3.4556967413678,0.891767836427462,0.886375592794366,-0.0552939167802986,-0.242073558778311,2.67045931139114
"X16557x13067",16557,13067,131,10,"Influenza","Influenza","HA","5_14v","2015_05_06",-1.2755623553349,1.0430384094676,0.826326449982171,-0.449357830280205,-2.13508107388217,1.85278717467318
"X16557x3154",16557,3154,69,10,"Influenza","Influenza","HA","8_15viii","2016_02_22",-2.12987011245019,1.42634730981809,1.02958091112781,-0.377537458109635,-0.24645431304831,2.81666211171644
"X16680x16750",16680,16750,70,10,"Influenza","Influenza","HA","6_16vi","2017_08_01",-0.246399459219169,2.65755144783088,1.40574603921245,1.45909251583049,1.70102961684471,7.7411809860237
"X16680x16750",16680,16750,71,10,"Influenza","Influenza","HA","6_16vi","2017_08_01",0.553767395694087,2.51592730958734,1.56757068406069,0.695314963718231,1.68527597456418,7.09391954665106
"X16680x16750",16680,16750,72,10,"Influenza","Influenza","HA","6_16vi","2017_08_01",-1.2812182206986,1.62250483970818,0.663060692536229,-0.991634663301798,0.646642590772868,3.33986090760373
"X16680x16750",16680,16750,73,10,"Influenza","Influenza","HA","6_16vi","2017_08_01",0.391012718600314,1.53869985894087,0.857793075958152,0.0133719708997535,0.753031343598166,3.53233802885845
"X16680x8016",16680,8016,133,10,"Influenza","Influenza","HA","8_15viii","2016_02_22",-0.55460980745697,1.99189744889743,1.97042559806599,0.6219862006418,0.120406754055135,5.56249196331097
"X16680x8016",16680,8016,134,10,"Influenza","Influenza","HA","8_15viii","2016_02_22",-2.40060308001049,2.24630600657063,2.01670763608252,0.830010449898861,0.350521854836779,6.2614886309148
"X16680x8016",16680,8016,135,10,"Influenza","Influenza","HA","8_15viii","2016_02_22",-2.56314535688393,1.83995923494095,1.92407061148754,0.969053940181616,0.517451148213521,5.33872075076378
"X16750x13421",16750,13421,104,10,"Influenza","Influenza","HA","4_15iv","2015_05_19",-3.09284906884252,1.66957152723856,1.52277007578682,-0.622161828676514,-0.71156635069465,3.44631870652328
"X16750x13421",16750,13421,105,10,"Influenza","Influenza","HA","4_15iv","2015_05_19",-0.0266747225822792,1.6974650413994,1.19042071737542,0.928195494172221,-0.397849042575586,3.81401150966008
"X16750x13421",16750,13421,148,10,"Influenza","Influenza","HA","6_15vi","2016_01_13",-3.83500232923329,0.292118441716203,0.236801767337641,-2.62991137897823,-1.68634224265092,0.287002660354329
"X16750x13421",16750,13421,149,10,"Influenza","Influenza","HA","6_15vi","2016_01_13",-3.78974837628938,0.501689500696305,0.370915334539368,-1.77816812913978,-1.69836017936155,0.50220501265174
"X16750x13421",16750,13421,150,10,"Influenza","Influenza","HA","6_15vi","2016_01_13",-3.49831417695068,0.532096843882046,0.352715552541893,-2.68116153283103,-1.6014809941103,0.585874937043258
"X16750x13421",16750,13421,90,10,"Influenza","Influenza","HA","4_15iv","2015_05_19",-2.82051796327085,2.57487893161437,1.78789278189348,1.4357367642288,0.634627986666181,6.8612498462735
"X16750x13421",16750,13421,98,10,"Influenza","Influenza","HA","4_15iv","2015_05_19",-0.549065699524758,1.93880861813131,1.32194627320988,0.39971647795969,0.77300867293919,4.57904416157992
"X16750x15155",16750,15155,72,10,"Influenza","Influenza","HA","1_16i","2016_10_10",-1.23555701291018,1.59375292628182,0.867534528433855,-0.185308617806758,-0.11973903926691,3.49087446120235
"X16750x15155",16750,15155,79,10,"Influenza","Influenza","HA","1_16i","2016_10_10",-0.0759342471502724,1.96560336382059,1.07188245997077,0.786736831288722,-0.341760397538643,5.20342332707513
"X16768x5035",16768,5035,85,10,"Influenza","Influenza","HA","5_16v","2016_10_10",-2.06766927048373,1.54148171969066,0.879987271156571,-2.06472846900754,0.58728045392547,3.95343643264585
"X16768x5035",16768,5035,87,10,"Influenza","Influenza","HA","5_16v","2016_10_10",-2.68197272298348,1.9769468709445,1.20226416432213,-0.633315005253007,1.06629619822793,6.31340666509429
"X16768x8021",16768,8021,63,10,"Influenza","Influenza","HA","4_15iv","2015_05_19",-1.51246723975421,1.96026837818905,1.4653990772412,1.04664864441275,0.232745271166447,5.28555393475447
"X16768x8021",16768,8021,64,10,"Influenza","Influenza","HA","4_15iv","2016_08_01",0.6088608366814,2.13189867566706,1.54724571693692,-0.0504738979925988,-0.910192102190385,5.03251484205625
"X16768x8021",16768,8021,65,10,"Influenza","Influenza","HA","4_15iv","2016_08_01",0.695506660390771,1.81496554134204,1.35572955730164,-0.000675725177987545,-0.678640755783285,4.08599529570714
"X16785x773",16785,773,110,10,"Influenza","Influenza","HA","10_15x","2016_10_10",1.3977560150605,2.12891663871638,1.98360566424884,0.63253305391858,0.725771101411163,6.93025007028744
"X16785x773",16785,773,111,10,"Influenza","Influenza","HA","10_15x","2016_10_10",1.88863482545482,2.11768582454212,2.0522063313352,0.601703378451377,-0.393789872370952,6.92901795043847
"X16785x773",16785,773,115,10,"Influenza","Influenza","HA","10_15x","2016_10_10",-0.427702556492676,2.05274608957229,1.70436447019099,0.179133806163788,0.586595486281972,5.92237756958457
"X16912x16211",16912,16211,109,10,"Influenza","Influenza","HA","6_13vi","2013_12_05",-2.36085397856565,1.76790609572765,1.48876369324505,-1.10008651944222,-1.46832967143216,NA
"X16912x16211",16912,16211,76,10,"Influenza","Influenza","HA","6_13vi","2017_07_19",-0.572187218300019,1.31867686762899,0.681982691935723,-0.825934056904867,1.46934418588493,3.21752105882069
"X16912x16211",16912,16211,81,10,"Influenza","Influenza","HA","6_13vi","2013_12_17",0.201409820496077,1.76942377269801,1.73400374059797,1.01516475809775,-0.694633414589519,NA
"X16912x16211",16912,16211,82,10,"Influenza","Influenza","HA","6_13vi","2013_12_17",-0.731285564934096,1.35191506724513,1.03536241439563,-0.479572875503129,-0.799410433959558,NA
"X16912x5489",16912,5489,12,10,"Influenza","Influenza","HA","4_14iv","2015_04_27",0.793003260715393,1.8679587962973,1.35019988776738,-0.529852310144476,1.08211066415345,5.53877938981111
"X16912x5489",16912,5489,26,10,"Influenza","Influenza","HA","4_14iv","2015_04_27",1.95461005150163,2.03410202417755,1.40696606730212,0.691654720500109,1.15041876842233,7.76807658948582
"X18042x3032",18042,3032,83,10,"Influenza","Influenza","HA","12_13xii","2014_01_17",NA,NA,NA,NA,NA,3.95800862529181
"X18042x3032",18042,3032,83,10,"Influenza","Influenza","HA","12_13xii","2014_04_22",0.628363394656726,2.47399696678203,1.17638968513023,0.866541087770575,-3.1069939841471,NA
"X18042x3032",18042,3032,83,10,"Influenza","Influenza","HA","12_13xii","2014_04_15",0.591370111982049,2.60220068752332,1.28276783066721,0.887588175990105,0.392080194420146,NA
"X18042x3032",18042,3032,92,10,"Influenza","Influenza","HA","12_13xii","2014_04_15",-0.166453819249265,2.24048403711804,1.48893265217298,0.833391480248864,0.40620804135908,NA
"X18042x3032",18042,3032,92,10,"Influenza","Influenza","HA","12_13xii","2014_01_17",NA,NA,NA,NA,NA,3.13767544130111
"X18042x3032",18042,3032,92,10,"Influenza","Influenza","HA","12_13xii","2014_04_22",-0.236427770590564,2.17089051133367,1.50096339834893,0.98576008621598,-3.22149476509643,NA
"X18042x8008",18042,8008,16,10,"Influenza","Influenza","HA","7_16vii","2016_11_25",-0.535369545933984,2.22670845059211,0.69005001872019,-0.383523254674107,-1.72760906234571,5.39100173648552
"X18042x8008",18042,8008,21,10,"Influenza","Influenza","HA","7_16vii","2016_11_25",-0.787107417761657,1.82285205406625,0.504139237505774,0.647014257887764,0.337758443631884,4.49374362950905
"X18042x8008",18042,8008,22,10,"Influenza","Influenza","HA","7_16vii","2016_11_25",1.05942363632597,1.94216253071342,0.738669628457666,-0.00557617316938169,0.458196626685275,4.87883181209401
"X3015x5306",3015,5306,6,10,"Influenza","Influenza","HA","1_16i","2016_10_10",-2.71919156572952,1.21367622098131,1.13193858594304,-1.87186627853205,-1.56270611187109,2.39204460960781
"X3015x5358",3015,5358,94,10,"Influenza","Influenza","HA","2_16ii","2016_10_10",-0.755511392041225,1.50830573643888,1.46425254258789,-0.826069021670059,-0.888337701866751,4.1146194626081
"X3015x5358",3015,5358,98,10,"Influenza","Influenza","HA","2_16ii","2016_10_10",1.42919324758706,2.07754617181723,2.64443334641148,0.574470937798843,-0.941668928315427,8.04770075638677
"X3015x5358",3015,5358,99,10,"Influenza","Influenza","HA","2_16ii","2016_10_10",-2.41692007543519,0.89556175655745,0.634646954825911,-2.21673963845246,0.0718347439905989,1.54558482237577
"X3015x5358",3015,5358,99,10,"Influenza","Influenza","HA","2_16ii","2016_11_25",-3.10269337239546,0.820080061845282,0.460071889999226,-2.65986949559126,-0.720393305272928,1.1642163261109
"X3032x16188",3032,16188,121,10,"Influenza","Influenza","HA","8_13viii","2014_04_22",-0.448240581056438,2.71066475550576,2.19863688971733,1.3936378789033,0.885970550030373,NA
"X3032x16188",3032,16188,121,10,"Influenza","Influenza","HA","8_13viii","2013_12_12",NA,NA,NA,NA,NA,6.52870556083865
"X3032x16188",3032,16188,147,10,"Influenza","Influenza","HA","8_13viii","2013_12_05",1.93308380477483,2.50524575382374,1.79419685133861,1.27350403668255,1.19582579256481,NA
"X3032x16188",3032,16188,147,10,"Influenza","Influenza","HA","8_13viii","2013_12_12",NA,NA,NA,NA,NA,7.38515724637481
"X3032x16441",3032,16441,47,10,"Influenza","Influenza","HA","11_13xi","2013_12_12",NA,NA,NA,NA,NA,3.54736396867448
"X3032x16441",3032,16441,56,10,"Influenza","Influenza","HA","11_13xi","2013_12_12",NA,NA,NA,NA,NA,4.05744218653697
"X3032x16441",3032,16441,56,10,"Influenza","Influenza","HA","11_13xi","2013_12_19",-2.03241046791612,1.40002997336485,0.716565421993337,-1.5255595183057,-0.242973497527889,NA
"X3032x16441",3032,16441,57,10,"Influenza","Influenza","HA","11_13xi","2013_12_19",-2.06655998243689,1.42957285567519,0.731192429642427,-2.24502893921649,-1.38352966204499,NA
"X3032x16441",3032,16441,57,10,"Influenza","Influenza","HA","11_13xi","2013_12_12",NA,NA,NA,NA,NA,3.63769452373785
"X3154x16012",3154,16012,101,10,"Influenza","Influenza","HA","8_15viii","2016_02_22",-0.837117604830539,1.79817407162584,1.12191498044712,0.297644699885165,-0.920936131076531,4.20374362950905
"X3154x16012",3154,16012,102,10,"Influenza","Influenza","HA","8_15viii","2016_02_22",-2.27036652108362,1.55695540638177,1.07531156393635,0.349858141533921,-1.39215693378431,3.17539733994763
"X3154x16012",3154,16012,97,10,"Influenza","Influenza","HA","8_15viii","2016_02_22",-0.965472592630541,1.70598391727316,1.14641686692148,0.521325157737998,-1.86407942779432,3.9041194626081
"X3154x3609",3154,3609,104,10,"Influenza","Influenza","HA","12_13xii","2014_04_15",0.00540207259191358,2.46738875761566,1.97183634232898,1.26988581280591,0.848331078556553,NA
"X3154x3609",3154,3609,104,10,"Influenza","Influenza","HA","12_13xii","2014_04_22",-0.300316579257227,2.48982522034832,2.03054314432902,1.21236350216148,-3.19092170566746,NA
"X3154x3609",3154,3609,104,10,"Influenza","Influenza","HA","12_13xii","2014_01_17",NA,NA,NA,NA,NA,4.0656294597966
"X3154x3609",3154,3609,97,10,"Influenza","Influenza","HA","12_13xii","2014_04_15",0.0562060516658769,2.74805350022601,1.78622971037877,1.49691472023521,1.08699163666484,NA
"X3154x3609",3154,3609,97,10,"Influenza","Influenza","HA","12_13xii","2014_01_17",NA,NA,NA,NA,NA,5.13842332707513
"X3154x3609",3154,3609,98,10,"Influenza","Influenza","HA","12_13xii","2014_04_22",-0.243313969502947,2.42095310693959,2.07569366064116,0.987106916963911,0.417596747365455,NA
"X3154x3609",3154,3609,98,10,"Influenza","Influenza","HA","12_13xii","2014_04_15",-0.00717361063045285,2.36004059272845,2.03356976596636,1.00246327968378,0.947204033459349,NA
"X3154x3609",3154,3609,98,10,"Influenza","Influenza","HA","12_13xii","2014_01_17",NA,NA,NA,NA,NA,6.56018765081605
"X3252x8002",3252,8002,42,10,"Influenza","Influenza","HA","11_13xi","2013_12_17",-1.00717111981885,0.674790383089057,0.46285143167882,-0.933490804903337,-1.8523658153707,NA
"X3252x8002",3252,8002,42,10,"Influenza","Influenza","HA","11_13xi","2013_12_12",NA,NA,NA,NA,NA,1.98846863991401
"X3252x8002",3252,8002,43,10,"Influenza","Influenza","HA","11_13xi","2013_12_19",-3.48191947150123,0.858729565161157,0.504362569820157,-2.97631737559274,-0.243673851449982,NA
"X3252x8002",3252,8002,43,10,"Influenza","Influenza","HA","11_13xi","2013_12_12",NA,NA,NA,NA,NA,1.64279852855186
"X3252x8002",3252,8002,65,10,"Influenza","Influenza","HA","11_13xi","2014_01_04",1.11672882788652,2.46406356277707,1.94366784550519,1.50627719710492,-1.48593654268824,NA
"X3252x8002",3252,8002,65,10,"Influenza","Influenza","HA","11_13xi","2013_12_12",NA,NA,NA,NA,NA,4.70391621463739
"X3252x8002",3252,8002,66,10,"Influenza","Influenza","HA","11_13xi","2014_01_04",0.34652198053474,2.10804127778809,1.87773457089792,-0.310001901479052,-1.40273171345994,NA
"X3260x1566",3260,1566,65,10,"Influenza","Influenza","HA","12_15xii","2016_11_25",-1.54872342020333,1.57531475529172,1.82875684071368,-0.2500399835812,0.0860619252953871,5.4425474939761
"X3260x1566",3260,1566,69,10,"Influenza","Influenza","HA","12_15xii","2016_11_25",0.0327748274981615,1.24059347283183,1.05871160405628,0.380658525296784,-0.0774586063901641,4.04452128283464
"X3260x1566",3260,1566,70,10,"Influenza","Influenza","HA","12_15xii","2016_11_25",-1.06340833975715,1.04884674841805,1.49527434462463,-0.233212697549538,0.349487521296445,4.23173052393833
"X3260x1566",3260,1566,71,10,"Influenza","Influenza","HA","12_15xii","2016_11_25",-0.371250428364354,1.75101074150255,1.66622222402051,0.980232050161593,0.416944196074243,5.95170431279688
"X3260x1566",3260,1566,77,10,"Influenza","Influenza","HA","12_15xii","2016_11_25",-1.54103326570175,1.26426756380517,1.53072427375206,-0.0136869961712838,0.369490589895479,4.05312923578265
"X3260x1566",3260,1566,85,10,"Influenza","Influenza","HA","12_15xii","2016_11_25",-2.00488233704537,1.21379993303361,1.0848303696794,-1.32039933239802,-0.305360313089087,3.02243976504202
"X3260x1566",3260,1566,86,10,"Influenza","Influenza","HA","12_15xii","2016_11_25",0.232548305646484,2.0093942420786,1.40858011058885,0.881866562860562,-0.268291563710816,5.24927628142889
"X3260x1566",3260,1566,87,10,"Influenza","Influenza","HA","12_15xii","2016_11_25",-0.287309286427686,1.97923745467307,1.47923528238233,1.22722160108563,0.588991685576538,5.51318476644777
"X3260x5035",3260,5035,1,10,"Influenza","Influenza","HA","6_15vi","2016_01_13",-2.20917891650591,0.953018300630172,0.802851837250327,-1.35718164575562,-1.89168978167039,1.8905335201626
"X3260x5035",3260,5035,2,10,"Influenza","Influenza","HA","6_15vi","2015_11_16",-1.88805561793044,2.26636066749211,1.51638627384751,1.24232451892974,0.984033313718113,6.1851814340516
"X3393x8052",3393,8052,10,10,"Influenza","Influenza","HA","5_14v","2015_05_06",0.0664098090636634,2.16973804314212,2.25288234440688,0.0613359836571449,-0.618842412034835,5.66752128283464
"X3393x8052",3393,8052,11,10,"Influenza","Influenza","HA","5_14v","2015_05_06",-0.717709843479747,1.29839278765365,1.695529100469,-1.20894369365385,-1.59713059301247,3.39824696190522
"X3393x8052",3393,8052,9,10,"Influenza","Influenza","HA","5_14v","2015_05_06",-1.33315835771964,2.43507689164656,2.33081828162504,-0.538953744396888,-1.87817429790813,6.61134780203302
"X3460x16072",3460,16072,35,10,"Influenza","Influenza","HA","12_15xii","2016_11_25",0.942048434791869,1.21778641502155,1.5362309451738,0.314083287435528,0.724525835780054,4.60208347829209
"X3460x16072",3460,16072,36,10,"Influenza","Influenza","HA","12_15xii","2016_11_25",0.991167303344898,1.65429209334609,1.72620291548903,-0.461679791150967,0.564593529300524,5.14946908456569
"X3460x16072",3460,16072,39,10,"Influenza","Influenza","HA","12_15xii","2016_11_25",1.73558415383188,1.76000464608077,1.87380163522685,0.14490426283161,0.480156669412799,5.90450173648552
"X3460x16750",3460,16750,80,10,"Influenza","Influenza","HA","2_15ii","2015_05_19",-1.32525653450719,2.9855799146568,2.34054383632001,0.635422751002298,-1.59921493243019,9.65761523415615
"X3564x16785",3564,16785,111,10,"Influenza","Influenza","HA","10_15x","2016_10_10",1.24234151327633,2.11018193443362,1.84504155120403,0.00408757410860189,0.1745474372975,5.91211613021193
"X3564x16785",3564,16785,91,10,"Influenza","Influenza","HA","10_15x","2016_10_10",1.54607311690582,1.89547673056357,1.98868002706843,-0.222786012218348,0.284735085314828,6.13446575216952
"X3564x16785",3564,16785,98,10,"Influenza","Influenza","HA","10_15x","2016_10_10",0.611081624197048,2.4294701371496,2.32019516441022,0.312954029747391,0.56723785625773,7.19675961944805
"X3564x8027",3564,8027,16,10,"Influenza","Influenza","HA","3_15iii","2016_02_22",-1.7379416798393,1.94783986659477,1.7156255794334,-0.156461080216876,0.213136458598114,4.5738022685564
"X3564x8027",3564,8027,2,10,"Influenza","Influenza","HA","3_15iii","2016_02_22",-1.59154586746035,1.81420457856119,0.190921214413883,-3.2190424585592,-0.349967481625886,3.78226650825434
"X3564x8027",3564,8027,20,10,"Influenza","Influenza","HA","3_15iii","2016_02_22",-2.02060786476375,2.12328096089977,1.64273861069996,-0.834102921088691,-1.96800747705331,4.25642332707513
"X3609x5119",3609,5119,41,10,"Influenza","Influenza","HA","11_13xi","2013_12_19",-2.26138859555042,1.95694214809491,1.19602024895019,-1.49456648235246,0.502688818016886,NA
"X3609x5119",3609,5119,41,10,"Influenza","Influenza","HA","11_13xi","2013_12_12",NA,NA,NA,NA,NA,5.7249367996908
"X3609x5119",3609,5119,42,10,"Influenza","Influenza","HA","11_13xi","2013_12_19",-3.03356471520077,2.28427596018581,1.19235755967949,0.126881146908952,0.733804457040891,NA
"X3609x5119",3609,5119,42,10,"Influenza","Influenza","HA","11_13xi","2013_12_12",NA,NA,NA,NA,NA,6.24700931531427
"X3609x5119",3609,5119,51,10,"Influenza","Influenza","HA","11_13xi","2013_12_19",-0.129359126808437,2.22379621742563,1.19667185267061,-0.957787441026313,0.490351058407386,NA
"X3609x5119",3609,5119,51,10,"Influenza","Influenza","HA","11_13xi","2013_12_12",NA,NA,NA,NA,NA,5.80530392251933
"X3609x5489",3609,5489,6,10,"Influenza","Influenza","HA","12_13xii","2014_04_22",0.894984128895198,2.51343010963866,1.85066185841786,-0.719023315873227,0.722136591331419,NA
"X3609x5489",3609,5489,6,10,"Influenza","Influenza","HA","12_13xii","2014_04_15",0.22978937744073,2.68534403476497,2.06740290579322,0.0866254956886187,0.321153192755799,NA
"X3609x5489",3609,5489,6,10,"Influenza","Influenza","HA","12_13xii","2014_01_17",NA,NA,NA,NA,NA,5.23233492047623
"X3609x5489",3609,5489,7,10,"Influenza","Influenza","HA","12_13xii","2014_04_15",0.136344472339468,2.40041065172027,1.96778236409037,-0.126677246612295,0.160743405813947,NA
"X3609x5489",3609,5489,7,10,"Influenza","Influenza","HA","12_13xii","2014_04_22",-0.135177744421266,2.57032923093733,1.91091488240765,0.102383549094659,-2.48029183129014,NA
"X3609x5489",3609,5489,7,10,"Influenza","Influenza","HA","12_13xii","2014_01_17",NA,NA,NA,NA,NA,4.46894309743819
"X3609x5489",3609,5489,8,10,"Influenza","Influenza","HA","12_13xii","2014_04_22",1.28955377911658,2.7630038565247,2.26379162173285,0.186087582596543,-3.10597165550906,NA
"X3609x5489",3609,5489,8,10,"Influenza","Influenza","HA","12_13xii","2014_04_15",1.65927103914085,2.76973087166148,2.40534074509807,0.044965923108286,1.06084713330584,NA
"X3609x5489",3609,5489,8,10,"Influenza","Influenza","HA","12_13xii","2014_01_17",NA,NA,NA,NA,NA,6.21242332707513
"X4410x3460",4410,3460,85,10,"Influenza","Influenza","HA","3_15iii","2016_02_22",-4.51821435047698,0.963857399532583,1.25376951659524,-1.09781076163522,-0.173759925282484,2.22396998062147
"X4410x3460",4410,3460,86,10,"Influenza","Influenza","HA","3_15iii","2016_02_22",-2.84214405923739,1.2186566945157,1.32402742193877,-0.670557548634097,-1.37235467103904,2.044691879268
"X4410x3460",4410,3460,87,10,"Influenza","Influenza","HA","3_15iii","2016_02_22",-4.56074740119509,1.73650593739634,1.15244856400906,-0.884634219064015,-0.0235110271744775,3.21024362950905
"X4410x3460",4410,3460,88,10,"Influenza","Influenza","HA","3_15iii","2016_02_22",-3.88129174025801,1.25915094547981,1.33485082140264,-0.499637903490675,-2.04665403126154,1.82570565688056
"X477x16912",477,16912,36,10,"Influenza","Influenza","HA","6_14vi","2014_09_17",-2.69572642364275,0.880681395317317,0.42097335574874,-2.19731500414901,-2.36470630095384,0.958341165053693
"X477x16912",477,16912,37,10,"Influenza","Influenza","HA","6_14vi","2014_09_17",-2.7607391836556,0.98709204951428,0.57440714939762,-2.86321651821068,-2.53236994321384,1.00427230480391
"X477x16912",477,16912,38,10,"Influenza","Influenza","HA","6_14vi","2014_09_17",-3.20427832407946,0.813823804748726,0.335102771218817,-2.68719306208631,-1.43573384262474,0.775227219355183
"X5035x16785",5035,16785,104,10,"Influenza","Influenza","HA","4_15iv","2016_08_01",-1.6458975569213,1.76715641901969,1.22583436751402,-0.309702725247966,-1.02698718573253,2.57622142280561
"X5035x16785",5035,16785,111,10,"Influenza","Influenza","HA","4_15iv","2016_08_01",-3.23618380652137,1.59269746482992,1.09231899894023,-0.684105569349288,-1.42109095287116,2.07842111474869
"X5035x16785",5035,16785,99,10,"Influenza","Influenza","HA","4_15iv","2016_08_01",0.263445062388428,2.31634539285379,1.70044267556882,-0.310442029308004,-0.228277225442455,5.92446575216952
"X5080x8024",5080,8024,54,10,"Influenza","Influenza","HA","5_14v","2015_05_06",-1.32907544311238,2.30886153445125,1.11157952716156,0.953069966808925,1.06227812219746,5.73746241977335
"X5080x8024",5080,8024,55,10,"Influenza","Influenza","HA","5_14v","2015_05_06",-1.68814295447851,2.3953369301535,1.92144892624901,1.40491374387571,1.13059840839782,6.76522052674983
"X5080x8024",5080,8024,56,10,"Influenza","Influenza","HA","5_14v","2015_05_06",-1.12671085867716,2.46770017659762,1.54735998881167,1.56835344536946,0.932525611888544,6.72417810165544
"X5119x8018",5119,8018,86,10,"Influenza","Influenza","HA","11_13xi","2013_12_12",NA,NA,NA,NA,NA,3.80649790673852
"X5119x8018",5119,8018,86,10,"Influenza","Influenza","HA","11_13xi","2013_12_17",0.91097774631077,1.79373210962932,1.77557162026243,0.932088601457489,-0.335017109812785,NA
"X5119x8018",5119,8018,90,10,"Influenza","Influenza","HA","11_13xi","2013_12_19",-2.58974606526577,1.80937154042933,0.762890548055546,-1.11826733724462,0.719478790584448,NA
"X5119x8018",5119,8018,90,10,"Influenza","Influenza","HA","11_13xi","2013_12_12",NA,NA,NA,NA,NA,5.32495716428994
"X5119x8018",5119,8018,91,10,"Influenza","Influenza","HA","11_13xi","2013_12_12",NA,NA,NA,NA,NA,5.68521057000136
"X5119x8018",5119,8018,91,10,"Influenza","Influenza","HA","11_13xi","2013_12_19",-0.933939467792692,1.92566135674917,0.687399920201719,-0.521885768727912,0.524225783788888,NA
"X5306x16521",5306,16521,52,10,"Influenza","Influenza","HA","12_15xii","2016_11_25",-0.0512851291061033,1.84361161330851,1.84465445823532,-0.295659029261161,0.297938750672703,5.03415522291016
"X5306x16521",5306,16521,53,10,"Influenza","Influenza","HA","12_15xii","2016_11_25",0.854711023859409,2.07989641197962,1.8688804964431,0.627314276028617,-1.21203574618987,5.15227628142889
"X5306x16521",5306,16521,58,10,"Influenza","Influenza","HA","12_15xii","2016_11_25",0.673307608140253,1.79566162523561,1.67610720674548,0.148164514352304,0.331718446235254,4.95884491766473
"X5306x16521",5306,16521,59,10,"Influenza","Influenza","HA","12_15xii","2016_11_25",-1.65210224041336,1.62160644951452,1.32470627301916,-1.6211915385418,0.548346575584604,4.52943976504203
"X5306x16521",5306,16521,60,10,"Influenza","Influenza","HA","12_15xii","2016_11_25",1.18772441819141,1.86648947123235,1.6677492517681,-1.08355213913354,-0.615316960960361,5.24020764519305
"X5306x5346",5306,5346,2,10,"Influenza","Influenza","HA","1_16i","2016_11_25",-3.06668970894287,1.74878448812859,0.87303386340792,-0.881575500201867,-1.14299669766328,4.00371408597143
"X5306x5346",5306,5346,2,10,"Influenza","Influenza","HA","1_16i","2016_10_10",-2.49833088100707,1.95528409715187,1.26413719402178,-0.899956095074423,-0.656149333247907,5.08698219013641
"X5306x5346",5306,5346,3,10,"Influenza","Influenza","HA","1_16i","2016_11_25",-2.63258963161102,1.59559922307381,1.32059851046329,-1.74366258836787,-1.2369640817133,3.67729271939578
"X5306x5346",5306,5346,4,10,"Influenza","Influenza","HA","1_16i","2016_10_10",-2.38913457205955,1.05607526224945,1.20333562823005,-2.48435950172565,-0.749844014368728,2.70303150403709
"X5306x5346",5306,5346,5,10,"Influenza","Influenza","HA","1_16i","2016_10_10",-0.557927260388522,0.980285107086842,1.75036746959528,-1.3459704933107,-0.385395331384031,3.9818906751553
"X5346x16768",5346,16768,108,10,"Influenza","Influenza","HA","11_14xi","2015_11_09",-2.59489805247563,1.79481971061121,1.60605036906553,-1.78146173513405,-2.55832322096893,4.15364234135338
"X5346x16768",5346,16768,116,10,"Influenza","Influenza","HA","11_14xi","2015_11_09",-2.79137991377588,1.76887729463783,1.26722401609376,-1.19209561106212,-1.51799917146707,3.93022741555611
"X5346x16768",5346,16768,131,10,"Influenza","Influenza","HA","11_14xi","2015_11_09",-2.38593291574058,1.18476332144524,1.07179106941323,-0.908350899221586,-1.91041245742106,2.58195331864064
"X5346x16768",5346,16768,183,10,"Influenza","Influenza","HA","1_15i","2016_02_22",-2.73679459118709,1.60334791333255,1.5791571843058,-1.49672423986748,-2.73085947195706,3.57277961382506
"X5346x16768",5346,16768,184,10,"Influenza","Influenza","HA","1_15i","2015_11_09",-0.253419021581257,1.79678508916893,1.4764832733747,-0.485996873907667,-2.04024818590163,4.45050506888169
"X5346x16768",5346,16768,185,10,"Influenza","Influenza","HA","1_15i","2015_11_09",-3.21585951588561,1.2155207308147,0.673517913070912,-3.31556191566035,-1.94637651360981,1.80932338300313
"X5346x16768",5346,16768,186,10,"Influenza","Influenza","HA","1_15i","2016_02_22",-1.61240211639411,1.21322774563417,1.35255487015566,-1.06262315539822,-2.28467668163918,2.72260324865515
"X5346x16768",5346,16768,187,10,"Influenza","Influenza","HA","1_15i","2016_02_22",-2.34589752609728,1.53101983359541,0.156116945598082,-3.65634476529369,-1.52417768261111,2.94820120441466
"X5358x8046",5358,8046,29,10,"Influenza","Influenza","HA","5_15v","2016_02_22",-2.02253145505292,2.20164268761721,1.70473357984168,-0.351814669471969,-0.184258497160232,5.57150173648552
"X5391x15156",5391,15156,10,10,"Influenza","Influenza","HA","6_14vi","2014_09_17",-1.73775605038265,1.14920992432937,0.719310339804142,-0.232581571744668,-3.09112243406471,1.90674452556484
"X5391x15156",5391,15156,11,10,"Influenza","Influenza","HA","6_14vi","2014_09_17",-0.517598860358972,0.667515927416428,0.636990746338349,-0.964812516211175,-3.3586844288316,1.6270555028521
"X5391x15156",5391,15156,8,10,"Influenza","Influenza","HA","6_14vi","2014_09_17",-1.94930998513133,0.739812334816349,0.626293944845362,-1.59204345133283,-2.41056517277306,0.813632147963948
"X5391x15156",5391,15156,9,10,"Influenza","Influenza","HA","6_14vi","2014_09_17",-2.7077581685809,0.869372611224785,0.511960885722734,-1.79158535935561,-2.93052207229327,0.946239652884069
"X5489x16557",5489,16557,1,10,"Influenza","Influenza","HA","12_13xii","2014_04_22",-0.0294837229489044,2.83832675993961,2.34979019191086,0.967732607859076,0.29077112876205,NA
"X5489x16557",5489,16557,1,10,"Influenza","Influenza","HA","12_13xii","2014_04_15",0.249444639426161,2.83337034480935,2.42281180746312,1.11865609105782,0.465701842282384,NA
"X5489x16557",5489,16557,1,10,"Influenza","Influenza","HA","12_13xii","2014_01_17",NA,NA,NA,NA,NA,5.4043058249665
"X5489x16557",5489,16557,9,10,"Influenza","Influenza","HA","12_13xii","2014_04_15",-0.0666159729118917,2.67994073781909,2.33938027783961,0.699171409587313,0.321937323218835,NA
"X5489x16557",5489,16557,9,10,"Influenza","Influenza","HA","12_13xii","2014_04_22",-0.0373333549618771,2.74123155942495,2.34949046837428,0.730663123660794,-3.02558713742987,NA
"X5489x16557",5489,16557,9,10,"Influenza","Influenza","HA","12_13xii","2014_01_17",NA,NA,NA,NA,NA,5.59081870652328
"X8002x3032",8002,3032,100,10,"Influenza","Influenza","HA","8_13viii","2013_12_05",1.10520673016113,2.34497690015974,1.64597828830299,1.41863224768254,0.985954440452018,NA
"X8002x3032",8002,3032,100,10,"Influenza","Influenza","HA","8_13viii","2013_12_12",NA,NA,NA,NA,NA,5.90602376492126
"X8002x3032",8002,3032,101,10,"Influenza","Influenza","HA","8_13viii","2013_12_12",NA,NA,NA,NA,NA,5.55639610341045
"X8002x3032",8002,3032,101,10,"Influenza","Influenza","HA","8_13viii","2013_12_05",1.11866450831026,2.3665579139013,1.62594748034882,1.32694542003015,-0.669464947570924,NA
"X8002x3032",8002,3032,95,10,"Influenza","Influenza","HA","8_13viii","2013_11_26",1.48730465403355,1.73589804807093,NA,1.07782091854798,0.718441930068652,5.52712923578265
"X8002x3032",8002,3032,95,10,"Influenza","Influenza","HA","8_13viii","2013_12_12",NA,NA,NA,NA,NA,5.63621991234663
"X8002x8010",8002,8010,1,10,"Influenza","Influenza","HA","12_13xii","2014_04_15",-3.03662369540443,0.844400105088283,0.779973109182924,-0.823161271204398,-1.50334445333927,NA
"X8002x8010",8002,8010,1,10,"Influenza","Influenza","HA","12_13xii","2014_01_17",NA,NA,NA,NA,NA,0.60577653325586
"X8002x8010",8002,8010,12,10,"Influenza","Influenza","HA","12_13xii","2014_04_22",-2.97914035611654,1.27188918560952,1.19588884358683,-1.0784086346883,-2.82243996992375,NA
"X8002x8010",8002,8010,12,10,"Influenza","Influenza","HA","12_13xii","2014_04_15",-2.18419413352173,1.07823113757458,0.982983032825628,-0.986389497134969,-0.505775482863505,NA
"X8002x8010",8002,8010,12,10,"Influenza","Influenza","HA","12_13xii","2014_01_17",NA,NA,NA,NA,NA,0.927478437525377
"X8002x8010",8002,8010,2,10,"Influenza","Influenza","HA","12_13xii","2014_04_15",-3.05116328561583,1.90466767374422,1.69596718862624,0.122949566071009,-1.45472924121541,NA
"X8002x8010",8002,8010,2,10,"Influenza","Influenza","HA","12_13xii","2014_04_22",-2.50095748872454,2.09627998585578,1.82743103093548,0.404488452995146,-2.27620577906263,NA
"X8002x8010",8002,8010,2,10,"Influenza","Influenza","HA","12_13xii","2014_01_17",NA,NA,NA,NA,NA,2.13994376948003
"X8002x8010",8002,8010,3,10,"Influenza","Influenza","HA","12_13xii","2014_04_15",-2.43555817438578,0.986343547127258,0.784782939538012,-0.478338237685509,-0.0742609940962886,NA
"X8002x8010",8002,8010,3,10,"Influenza","Influenza","HA","12_13xii","2014_01_17",NA,NA,NA,NA,NA,0.549014645855326
"X8002x8010",8002,8010,87,10,"Influenza","Influenza","HA","1_14i","2014_05_06",-2.22644296669661,2.22338230446267,1.72243891844617,0.537266586687923,-0.539021143864469,6.29472296309017
"X8002x8010",8002,8010,88,10,"Influenza","Influenza","HA","1_14i","2014_05_06",-3.44457707576425,1.98424697773764,0.765138196967628,-0.764807365662685,-1.25411096415016,4.61545175054302
"X8002x8010",8002,8010,89,10,"Influenza","Influenza","HA","1_14i","2014_05_20",-3.36689255080331,1.17320454535164,0.911809572070183,-1.44510351470804,-0.792262389111965,2.72646286780125
"X8004x8043",8004,8043,151,10,"Influenza","Influenza","HA","10_13x","2014_01_17",NA,NA,NA,NA,NA,1.76796754428109
"X8004x8043",8004,8043,152,10,"Influenza","Influenza","HA","10_13x","2014_01_04",-4.14956899147688,2.14965303648377,1.01742066300365,-0.494121935626852,-1.211201613519,NA
"X8004x8043",8004,8043,152,10,"Influenza","Influenza","HA","10_13x","2014_01_17",NA,NA,NA,NA,NA,1.4444511063142
"X8004x8043",8004,8043,153,10,"Influenza","Influenza","HA","10_13x","2014_01_17",NA,NA,NA,NA,NA,3.46994953821657
"X8005x8002",8005,8002,156,10,"Influenza","Influenza","HA","10_13x","2014_01_04",-1.41392904861629,2.36069081660807,2.167390169281,1.3563298175227,0.156557486426751,NA
"X8005x8002",8005,8002,156,10,"Influenza","Influenza","HA","10_13x","2014_01_17",NA,NA,NA,NA,NA,5.59313234416488
"X8005x8002",8005,8002,170,10,"Influenza","Influenza","HA","10_13x","2014_01_17",NA,NA,NA,NA,NA,6.17278916298567
"X8005x8002",8005,8002,171,10,"Influenza","Influenza","HA","10_13x","2014_04_15",-0.915189616047695,2.20272138912178,1.80864734231211,0.866717097704736,1.21621299137835,NA
"X8005x8002",8005,8002,171,10,"Influenza","Influenza","HA","10_13x","2014_01_17",NA,NA,NA,NA,NA,3.93245975941902
"X8005x8049",8005,8049,112,10,"Influenza","Influenza","HA","9_15ix","2016_11_25",0.224458888706313,1.90672585147134,1.40605609967118,0.747816549283613,0.556637175441356,5.51920764519306
"X8005x8049",8005,8049,122,10,"Influenza","Influenza","HA","9_15ix","2016_10_10",0.762521133233937,2.13569917769081,1.32774328860718,-1.04741784812494,0.626906504104648,6.4561814340516
"X8005x8049",8005,8049,133,10,"Influenza","Influenza","HA","9_15ix","2016_11_25",1.47913905413033,2.01752989655302,1.62002173709162,-0.624330021245293,0.797174745854683,6.18458014589592
"X8005x8049",8005,8049,134,10,"Influenza","Influenza","HA","9_15ix","2016_10_10",-0.76629605385688,2.03509369736073,2.28896866941961,0.163849178587095,0.490329158152205,6.38556370792904
"X8005x8049",8005,8049,135,10,"Influenza","Influenza","HA","9_15ix","2016_10_10",-1.50357920100099,1.12438984984784,1.28333350675097,-0.576662600906204,0.804926931232678,4.61899529570713
"X8008x8016",8008,8016,96,10,"Influenza","Influenza","HA","1_14i","2014_05_20",-3.93801311990975,1.246737181038,0.815925307955001,-1.5038150115799,0.210233012588448,4.40457591744398
"X8008x8016",8008,8016,97,10,"Influenza","Influenza","HA","1_14i","2014_05_20",-2.9475050018286,2.03650125382152,0.976455608805949,0.739966527787535,0.137379087941807,5.90080137250061
"X8008x8016",8008,8016,98,10,"Influenza","Influenza","HA","1_14i","2014_05_20",-0.304295862772014,2.26003226566248,1.20929576518357,0.155721618036945,-2.25650853238408,6.19818697877418
"X8008x8016",8008,8016,99,10,"Influenza","Influenza","HA","1_14i","2014_05_20",-3.09689116749672,1.52538740030928,0.836256912164307,-0.0396879764684533,0.140124021235713,5.03098440246285
"X8010x16441",8010,16441,138,10,"Influenza","Influenza","HA","1_14i","2014_05_20",-3.23676593034482,1.34884716956474,1.22427794350419,-1.71605423342173,-1.90394317249072,3.61171318991565
"X8010x16441",8010,16441,139,10,"Influenza","Influenza","HA","1_14i","2014_05_20",-4.49863533904101,1.42223098305259,1.0560272001069,-1.03638612973717,-1.60634078111604,2.97616477207076
"X8010x16441",8010,16441,146,10,"Influenza","Influenza","HA","1_14i","2014_05_20",-3.67718445627662,0.830025843716484,0.743465230484824,-1.90668881645144,-2.05124403062118,1.56266323178616
"X8010x16441",8010,16441,147,10,"Influenza","Influenza","HA","1_14i","2014_05_20",-3.54565838983679,1.73862149558113,0.977263279444748,-1.16152301176338,-1.81511087703869,3.92709879618926
"X8010x16441",8010,16441,267,10,"Influenza","Influenza","HA","5_15v","2016_02_22",-3.63543345175652,1.20924800346942,0.845322395602113,-2.21497177814258,-2.64025664819674,1.80463968099905
"X8010x16441",8010,16441,271,10,"Influenza","Influenza","HA","5_15v","2016_02_22",-4.17432286418584,0.81399014103059,0.79552361815004,-2.81674072055901,-3.01214343614649,1.04963458430433
"X8010x16441",8010,16441,272,10,"Influenza","Influenza","HA","5_15v","2016_02_22",-4.12885600052289,0.926622019779311,0.813658793956548,-2.39714968117239,-2.26361859633751,1.23584315336619
"X8010x16441",8010,16441,279,10,"Influenza","Influenza","HA","5_15v","2016_02_22",-1.9559894502726,0.643559480018584,0.887280036981289,-1.14481302879585,-1.46326274573189,1.49068255412133
"X8010x8026",8010,8026,12,10,"Influenza","Influenza","HA","1_16i","2016_11_25",-0.000516473215762153,1.8533859250031,1.40430395662017,0.211479055734423,-0.499056359943544,4.53727294903273
"X8010x8026",8010,8026,4,10,"Influenza","Influenza","HA","1_16i","2016_10_10",-1.31490603366735,1.38996633519139,0.908727604072045,-0.811624114003327,-0.487379139854543,2.97425362669755
"X8010x8026",8010,8026,5,10,"Influenza","Influenza","HA","1_16i","2016_11_25",-0.11584548508799,1.43461621734178,1.17571437206573,-0.00104187540141578,-0.911476171223005,3.32776006747595
"X8010x8026",8010,8026,6,10,"Influenza","Influenza","HA","1_16i","2016_10_10",-0.718983199210383,1.26143546584561,1.4003079931577,-0.596746380995891,0.106690180232005,3.6031454497356
"X8010x8026",8010,8026,7,10,"Influenza","Influenza","HA","1_16i","2016_10_10",-1.33714549810791,1.48453435706635,1.7586077460351,-0.675913176673603,-0.286738953320382,4.03927961382506
"X8016x8004",8016,8004,10,10,"Influenza","Influenza","HA","4_15iv","2015_05_19",-2.23924329359651,1.84222493724186,1.19337780029768,-0.516305607167147,0.690923904522536,4.60050484486775
"X8016x8004",8016,8004,11,10,"Influenza","Influenza","HA","4_15iv","2016_08_01",-0.878314384022999,2.08093393806806,1.49070732111803,-1.38320365068375,-1.03312972106661,4.71473052393833
"X8016x8004",8016,8004,2,10,"Influenza","Influenza","HA","4_15iv","2016_08_01",0.0329904152670104,2.14147156141048,1.84005514607531,0.651141548129021,0.0454491223001357,5.30510635703737
"X8016x8034",8016,8034,227,10,"Influenza","Influenza","HA","1_14i","2014_05_06",-3.58293182431219,1.59562963759685,1.96769019535515,-0.505542349068917,-0.693646661050742,5.14712167493453
"X8016x8034",8016,8034,228,10,"Influenza","Influenza","HA","1_14i","2014_05_06",-3.44457707576425,1.19388545334188,0.972477875187233,-1.34554389631628,-1.00113232011829,2.49285046238734
"X8016x8034",8016,8034,229,10,"Influenza","Influenza","HA","1_14i","2014_05_06",-3.23934717182143,1.48900269031614,0.916645871034212,-1.4684434860704,-1.34638532520647,2.7595890230147
"X8016x8034",8016,8034,230,10,"Influenza","Influenza","HA","1_14i","2014_05_06",-1.70788717810662,1.91912565131211,1.39150033167322,-0.655300329152539,-1.51012744514332,4.59747462928829
"X8016x8034",8016,8034,231,10,"Influenza","Influenza","HA","1_14i","2014_05_06",-2.60082470753748,2.59199699423954,2.02076656445854,0.743954498008453,-0.811565099739576,7.58419675194875
"X8018x3154",8018,3154,95,10,"Influenza","Influenza","HA","4_14iv","2015_05_06",-3.97665039441215,1.95265341596534,1.02231248785158,0.162131493843153,0.590632079302531,5.19341022150441
"X8018x3154",8018,3154,95,10,"Influenza","Influenza","HA","4_14iv","2017_08_01",-2.03463214023294,1.8495069919692,0.620388447546808,-0.633167304970107,2.03712843849935,3.75167499327321
"X8018x3154",8018,3154,97,10,"Influenza","Influenza","HA","4_14iv","2015_05_06",-2.36962044646004,2.01222468079932,1.45323089484705,0.445993064512461,0.740606566769519,6.11369120722616
"X8021x16072",8021,16072,104,10,"Influenza","Influenza","HA","11_14xi","2015_11_09",-1.04964571883176,2.2947578421046,1.93532063911474,-0.590220601751617,-0.125549888044928,5.67968476644777
"X8021x16072",8021,16072,161,10,"Influenza","Influenza","HA","1_15i","2016_08_01",-1.13541086657479,1.3484424154734,1.23180474481642,-0.521527980844894,-0.376455852743778,1.82323830880039
"X8021x16072",8021,16072,162,10,"Influenza","Influenza","HA","1_15i","2016_08_01",-0.918992642414643,1.67957024354711,1.84302211705078,0.495898894598047,-0.797740449503171,3.12988423437691
"X8021x16072",8021,16072,165,10,"Influenza","Influenza","HA","1_15i","2016_02_22",-1.53602584570822,1.88363134405998,0.148125409497208,-3.63717000426316,-0.429970975897441,3.86666522009865
"X8021x16072",8021,16072,166,10,"Influenza","Influenza","HA","1_15i","2016_08_01",-0.184703264936515,1.6358979527209,1.48317543850234,-0.221350144890571,-0.766254477279919,2.30042733151314
"X8021x16072",8021,16072,168,10,"Influenza","Influenza","HA","1_15i","2016_08_01",-0.163817777672684,1.68908317157548,1.19565804139831,0.762936445494506,-1.04727857631845,2.55852839565487
"X8021x16072",8021,16072,169,10,"Influenza","Influenza","HA","1_15i","2016_08_01",-2.24305550757877,0.776091962551027,0.582000480241085,-1.8413436616536,-1.27653396188605,0.568652366354898
"X8021x16072",8021,16072,170,10,"Influenza","Influenza","HA","1_15i","2015_11_09",-1.58340913478572,1.15817674339698,1.18769306386005,-1.77838114312273,-0.574674927179721,2.38542377510302
"X8021x16072",8021,16072,96,10,"Influenza","Influenza","HA","11_14xi","2015_11_09",-2.67701850132502,2.16915510195433,1.917766592605,-1.25230262910044,-0.662613249366778,5.109671884891
"X8021x8033",8021,8033,117,10,"Influenza","Influenza","HA","9_15ix","2016_10_10",0.12793966450335,2.41340178529475,1.7216808619665,-0.152696701285654,-0.117307070708706,6.75702439121687
"X8021x8033",8021,8033,120,10,"Influenza","Influenza","HA","9_15ix","2016_10_10",0.172882605819208,2.07792985814773,1.61491072714866,-0.382746808539663,0.331540203823019,5.43511923859415
"X8021x8033",8021,8033,121,10,"Influenza","Influenza","HA","9_15ix","2016_10_10",1.61327084304712,2.50508274135368,1.80025837475664,0.49209698942782,0.69921711387694,7.80161901458021
"X8024x8048",8024,8048,62,10,"Influenza","Influenza","HA","6_15vi","2016_01_13",-3.22264236042593,0.603602574844556,0.282570857594032,-1.63957888484158,-1.06404155734624,0.863374713029314
"X8024x8048",8024,8048,63,10,"Influenza","Influenza","HA","6_15vi","2016_01_13",-3.69714990853388,0.947407315644563,0.645187904507778,-1.10982374053558,-1.47659243469338,1.69063525634617
"X8024x8048",8024,8048,70,10,"Influenza","Influenza","HA","6_15vi","2016_01_13",-2.95068502025797,0.629082310495104,0.276863660354023,-1.79551329955869,-1.60339557680722,0.696365163868702
"X8024x8049",8024,8049,109,10,"Influenza","Influenza","HA","8_14viii","2016_08_01",0.451059334569894,2.25633206519018,1.97999270928107,1.26058901583003,0.453533200689938,6.21735135844313
"X8024x8049",8024,8049,92,10,"Influenza","Influenza","HA","8_14viii","2015_05_06",-1.81240381267269,2.48313560237321,2.02678596690219,1.42506997093413,0.947332036460378,7.26137734557063
"X8024x8049",8024,8049,93,10,"Influenza","Influenza","HA","8_14viii","2016_08_01",0.0630809434271634,2.47819808574083,1.90232373494052,0.832653346575833,1.13517080260607,7.03032847969784
"X8026x5080",8026,5080,1,10,"Influenza","Influenza","HA","2_14ii","2014_08_12",-0.57482567939325,1.25172975815115,0.844351834059999,0.222414346960344,-0.991194671442013,2.95420786920699
"X8026x5080",8026,5080,19,10,"Influenza","Influenza","HA","2_14ii","2014_08_14",-0.536190152860801,1.76502289644257,0.926165496013728,0.719963728819414,-0.143253710472938,4.23236446401384
"X8026x5080",8026,5080,2,10,"Influenza","Influenza","HA","2_14ii","2014_08_12",-3.84031209113564,1.20252611466475,0.826781148876909,0.250634406338983,-0.703074139403041,2.04141444995636
"X8026x5080",8026,5080,20,10,"Influenza","Influenza","HA","2_14ii","2014_08_14",-0.603021057005595,1.92491034540287,1.06191092032019,-0.0506351077013964,0.902244779668207,5.08266188770248
"X8027x477",8027,477,48,10,"Influenza","Influenza","HA","2_16ii","2016_10_10",-0.229200854386917,2.29740228674706,1.71622376137757,-1.9188152224264,-1.79553336933364,5.84689711593369
"X8027x477",8027,477,54,10,"Influenza","Influenza","HA","2_16ii","2016_11_25",-3.31116138982499,0.808449099748092,0.588575139242067,-2.68254745837804,-1.84694306048857,0.938438896799257
"X8027x477",8027,477,57,10,"Influenza","Influenza","HA","2_16ii","2016_10_10",-2.424052729724,1.12639329702707,0.622575611552439,-1.97095895977091,-1.26943778192786,1.63219921610217
"X8027x8045",8027,8045,90,10,"Influenza","Influenza","HA","5_15v","2016_02_22",-0.918280177880828,1.71194731924965,1.75142106569437,0.320310878918778,0.328441234513969,4.61419787201849
"X8027x8045",8027,8045,91,10,"Influenza","Influenza","HA","5_15v","2016_02_22",-1.79129091466607,1.40715486794303,0.835093365914108,0.515853990956409,0.535235556523467,3.81881893053723
"X8027x8045",8027,8045,97,10,"Influenza","Influenza","HA","5_15v","2016_02_22",-2.20099847744181,1.19672642264364,1.30427652154697,-0.335909331381885,0.198926763436323,3.37945287061275
"X8027x8045",8027,8045,98,10,"Influenza","Influenza","HA","5_15v","2016_02_22",-0.937220719309423,1.45405443265251,1.24504784384575,-0.315008391844093,0.367463020089719,4.10719787201849
"X8027x8045",8027,8045,99,10,"Influenza","Influenza","HA","5_15v","2016_02_22",-1.08010079039785,1.51780794870587,1.51624388530377,-0.111660758538604,-0.0843715304132059,3.78230560095256
"X8033x16768",8033,16768,14,10,"Influenza","Influenza","HA","8_15viii","2016_02_22",-3.29481031370528,1.28977360886552,0.931656940235953,-0.92126478725951,-2.12228321636062,2.06067233291888
"X8033x16768",8033,16768,4,10,"Influenza","Influenza","HA","8_15viii","2016_02_22",-3.70681816843888,0.897848621964723,0.679089363444458,-2.58401400444097,-0.688753932538392,1.54415679100777
"X8033x16768",8033,16768,9,10,"Influenza","Influenza","HA","8_15viii","2016_02_22",-2.660851092622,1.41696046291727,1.14705501194065,-0.455420148045228,-0.814217115816873,2.63810324865515
"X8033x5346",8033,5346,118,10,"Influenza","Influenza","HA","3_15iii","2016_02_22",-3.62642831014927,0.648826634151982,0.141375013454557,-3.58305172734907,-2.59937412931055,0.761759423247125
"X8033x5346",8033,5346,124,10,"Influenza","Influenza","HA","3_15iii","2016_08_01",-2.88228858096078,1.62082500755558,1.07326263853766,-1.42575771574104,-1.9047545802628,1.94708459836182
"X8033x5346",8033,5346,127,10,"Influenza","Influenza","HA","3_15iii","2016_08_01",0.0494321952085322,1.76665054800558,1.38284403716962,-0.403557575344513,-0.990851189761798,2.87680938137662
"X8034x8043",8034,8043,36,10,"Influenza","Influenza","HA","4_15iv","2016_08_01",-0.849741775783899,2.37271285330534,2.18838772368695,0.374267186064115,-1.53724125467909,6.30374340549511
"X8034x8043",8034,8043,46,10,"Influenza","Influenza","HA","4_15iv","2016_08_01",-2.01172395690521,1.40321264992998,0.798465870155421,-1.14294584952866,-0.907484132450208,2.18770165244255
"X8034x8043",8034,8043,47,10,"Influenza","Influenza","HA","4_15iv","2016_08_01",-2.95268726858181,1.23766978285217,0.870567140752625,-2.75846943565738,-1.48374412292031,1.51531694222474
"X8034x8048",8034,8048,75,10,"Influenza","Influenza","HA","2_14ii","2014_08_14",-4.79221191016801,1.23961173141378,1.28435524073711,-0.590622690314188,-0.833403958163806,2.65478938699961
"X8034x8048",8034,8048,77,10,"Influenza","Influenza","HA","2_14ii","2014_08_12",-4.22597641176255,1.3256307735745,1.13019616765415,-1.48829316057801,-1.84375680941966,2.18227339706061
"X8034x8048",8034,8048,78,10,"Influenza","Influenza","HA","2_14ii","2014_08_12",-4.78123858177718,0.695416062858859,0.49831679722049,-2.16421869115805,-1.86805013738732,0.656870932605253
"X8036x3609",8036,3609,101,10,"Influenza","Influenza","HA","12_15xii","2016_11_25",0.743134811356103,2.10111665721496,1.42029405420785,0.911066344096737,-0.0152216768068747,5.61183492047623
"X8036x3609",8036,3609,3,10,"Influenza","Influenza","HA","8_15viii","2016_02_22",-1.62107579903971,1.93232272894726,1.27584284500805,0.659118572577112,-0.910029848384983,4.37267499327321
"X8036x3609",8036,3609,7,10,"Influenza","Influenza","HA","8_15viii","2016_02_22",-2.3514753460642,1.22151196767289,1.0583040834444,0.201328631902394,-1.39211761200228,2.66369809603244
"X8036x3609",8036,3609,8,10,"Influenza","Influenza","HA","8_15viii","2016_02_22",-2.30484443408986,1.93134752146141,1.30455604714376,0.338082113518783,-0.220807336616147,4.58098219013642
"X8043x8008",8043,8008,100,10,"Influenza","Influenza","HA","5_14v","2015_05_06",0.417652778027989,2.51328853070915,1.44109282490853,1.44223485515586,-1.9153482149959,6.64159635984887
"X8043x8008",8043,8008,101,10,"Influenza","Influenza","HA","5_14v","2015_05_06",-1.01188800822225,2.14537313849747,1.52776784924062,0.13459436372374,0.158960871000264,5.33463567656104
"X8043x8008",8043,8008,98,10,"Influenza","Influenza","HA","5_14v","2015_05_06",0.190953844926066,2.3741021737949,1.35557316497905,1.19490396274835,-0.16787914415809,6.21520098040071
"X8043x8008",8043,8008,99,10,"Influenza","Influenza","HA","5_14v","2015_05_06",-2.84957053525175,1.97620112964046,0.916219770121947,0.594189425430518,-2.06431706649144,3.70284802604695
"X8045x4410",8045,4410,172,10,"Influenza","Influenza","HA","7_16vii","2016_11_25",0.352586530641581,0.904622235558932,0.8233332237907,-2.32302357054426,-0.309849572706428,1.91829383946551
"X8045x4410",8045,4410,173,10,"Influenza","Influenza","HA","7_16vii","2016_11_25",-0.977889714996723,0.673777578432925,0.777165072777721,-2.52344617676653,-0.114027229882865,1.61736292372924
"X8045x4410",8045,4410,174,10,"Influenza","Influenza","HA","7_16vii","2016_11_25",0.0581871667640437,1.7912456067108,1.66077060527161,-0.00677636610536945,-1.23496190636026,4.67651484205625
"X8046x4410",8046,4410,25,10,"Influenza","Influenza","HA","2_16ii","2016_11_25",-2.9167782394878,1.18917661643791,0.659546975071859,-2.17728021352353,0.17268208829052,2.39732915173968
"X8048x15155",8048,15155,108,10,"Influenza","Influenza","HA","6_14vi","2014_08_14",-3.27232253636773,0.730917607490648,0.463430072527817,-1.17720199881479,-1.47570692812612,0.853563287714157
"X8048x15155",8048,15155,118,10,"Influenza","Influenza","HA","6_14vi","2014_09_17",-0.0451386522137271,1.37504500072426,0.634495215227782,-0.648988332094187,-0.914823033113323,3.46850884930575
"X8048x15155",8048,15155,97,10,"Influenza","Influenza","HA","6_14vi","2014_09_17",-3.15963717627578,0.774973229282864,0.534030709509101,-1.61407550452823,-1.41547662252561,0.987157687063558
"X8048x8008",8048,8008,62,10,"Influenza","Influenza","HA","8_15viii","2016_02_22",-1.34990804674785,1.3888407718865,0.920750944605765,-0.0472343642796854,-0.474712362339807,3.21079271939578
"X8048x8008",8048,8008,63,10,"Influenza","Influenza","HA","8_15viii","2016_02_22",-1.1615435889435,1.96330185116003,1.52571281970169,1.05799973355248,-0.73800981125012,4.94201484205625
"X8048x8008",8048,8008,64,10,"Influenza","Influenza","HA","8_15viii","2016_02_22",0.0629485046814099,2.09163014471555,0.8523371759693,0.66981123735892,-2.0063876431638,5.25172052674983
"X8048x8026",8048,8026,64,10,"Influenza","Influenza","HA","2_14ii","2014_08_12",-2.64484706247781,1.33807623023951,0.564571714648981,-0.799018732380137,-0.546612805661385,2.23697975379603
"X8048x8026",8048,8026,65,10,"Influenza","Influenza","HA","2_14ii","2014_08_12",-0.966683681369041,1.42944420159036,0.614242150337015,-0.751561110557129,-0.37508512502312,2.92431582215501
"X8048x8026",8048,8026,66,10,"Influenza","Influenza","HA","2_14ii","2014_08_12",-2.19625593424374,1.84879016204076,0.80898277017481,1.31492699822809,0.0927832506782892,4.76023052393833
"X8049x8010",8049,8010,1,10,"Influenza","Influenza","HA","4_14iv","2015_04_27",-2.44629185425277,1.06765310008457,0.544841520363421,-2.15447727737728,-1.72353510342433,1.44402973973854
"X8049x8010",8049,8010,24,10,"Influenza","Influenza","HA","4_14iv","2015_04_27",-2.40780249048511,1.04435366282612,1.09907910594063,-0.562046455823447,-1.8578807823633,2.19144376948002
"X8049x8010",8049,8010,7,10,"Influenza","Influenza","HA","4_14iv","2015_04_27",-3.18656262428276,1.32197509293384,0.83552774272572,-1.81774320327317,-1.09367582311435,2.72666278375828
"X8052x13421",8052,13421,82,10,"Influenza","Influenza","HA","12_15xii","2016_11_25",0.883279838867829,1.97621540615216,2.05771191513034,-0.529802126345512,1.09222460142682,6.4633742371884
"X8052x13421",8052,13421,84,10,"Influenza","Influenza","HA","12_15xii","2016_11_25",-0.72965727436988,2.69093703332862,2.13668133167353,-0.0423910628933433,-1.35710570661798,7.68316166368855
"X8052x13421",8052,13421,85,10,"Influenza","Influenza","HA","12_15xii","2016_11_25",0.585656687327604,2.22812939470463,1.870145207581,-0.845386479882292,0.340075390700647,5.6737534026836
"X8052x3415",8052,3415,78,10,"Influenza","Influenza","HA","8_14viii","2016_08_01",1.37276909971456,2.23092017895481,2.11393253288161,-0.604725517681782,0.392267773275696,5.94361923859416
"X8052x3415",8052,3415,79,10,"Influenza","Influenza","HA","8_14viii","2016_08_01",-1.30856114018447,1.63613059597183,1.17665617006415,0.191972909530689,-1.54530000696653,3.3834526465988
"X8052x3415",8052,3415,80,10,"Influenza","Influenza","HA","8_14viii","2016_08_01",0.304718366149655,2.02214905748519,2.35802310188699,0.507925584111793,0.805527014632138,6.23524029711289
"X8054x8036",8054,8036,43,10,"Influenza","Influenza","HA","1_15i","2015_11_09",-3.51960729386919,0.48996753791241,0.548729394610866,-2.2047257858155,0.114134932087648,1.76856527602665
"X8054x8036",8054,8036,44,10,"Influenza","Influenza","HA","1_15i","2016_08_01",-1.34676188978083,0.87529355804569,0.863185798579629,-0.92969144895639,-0.141531593143874,1.14950109225671
"X8054x8036",8054,8036,45,10,"Influenza","Influenza","HA","1_15i","2016_08_01",-1.22211282109173,0.699244681961333,0.885735459038508,-2.06092372078287,-2.37589649287804,0.611975777171049
"X8056x8033",8056,8033,146,10,"Influenza","Influenza","HA","9_15ix","2016_10_10",-2.70736519348483,1.90049315631191,1.12499112919468,-1.46577808185121,-0.0879407054894144,4.358223859146
"X8056x8033",8056,8033,151,10,"Influenza","Influenza","HA","9_15ix","2016_10_10",-1.3967693066214,2.04730857883268,1.10218331737781,-0.914464341258375,-0.120000719612859,4.89429916017417
"X8056x8033",8056,8033,155,10,"Influenza","Influenza","HA","9_15ix","2016_10_10",-2.19931629011151,1.88112534621668,1.11215397967923,-1.94534724381598,-1.11916752885137,4.00118809884394
