"RIX","ID","RIX_ID","Cohort","Treatment","Day","lowest.day","lowest.weight"
"CC003xCC051","162","13067x16912_162","1_14i","Influenza",10,8,94.0506329113924
"CC003xCC051","163","13067x16912_163","1_14i","Influenza",10,2,96.3274336283186
"CC003xCC051","164","13067x16912_164","1_14i","Influenza",10,2,98.0334728033473
"CC003xCC051","36","13067x16912_36","8_13viii","Influenza",15,8,94.1888619854722
"CC003xCC051","37","13067x16912_37","8_13viii","Influenza",15,3,95.2380952380952
"CC003xCC051","136","13067x16912_136","11_13xi","Influenza",45,1,100.710900473934
"CC003xCC051","137","13067x16912_137","11_13xi","Influenza",45,12,98.1770833333333
"CC003xCC051","138","13067x16912_138","11_13xi","Influenza",45,7,84.703196347032
"CC003xCC051","139","13067x16912_139","11_13xi","Influenza",45,9,69.392523364486
"CC003xCC062","24","13067x5306_24","1_15i","Influenza",15,12,98.0769230769231
"CC003xCC062","29","13067x5306_29","1_15i","Influenza",15,8,93.5622317596567
"CC003xCC062","34","13067x5306_34","1_15i","Influenza",15,15,90.9722222222222
"CC003xCC062","35","13067x5306_35","1_15i","Influenza",15,12,92.7927927927928
"CC003xCC062","76","13067x5306_76","2_15ii","Influenza",45,5,80.6282722513089
"CC003xCC062","77","13067x5306_77","2_15ii","Influenza",45,6,91.6230366492147
"CC003xCC062","78","13067x5306_78","2_15ii","Influenza",45,7,84.9056603773585
"CC003xCC062","79","13067x5306_79","2_15ii","Influenza",45,4,89.4472361809045
"CC003xCC062","80","13067x5306_80","2_15ii","Influenza",45,4,88.9447236180905
"CC003xCC062","87","13067x5306_87","2_15ii","Influenza",45,5,94.9771689497717
"CC003xCC062","88","13067x5306_88","2_15ii","Influenza",45,15,92.6940639269407
"CC003xCC062","91","13067x5306_91","2_15ii","Influenza",45,1,96.3636363636364
"CC001xCC055","42","13140x16680_42","7_14vii","Influenza",10,9,74.2633794347565
"CC001xCC055","43","13140x16680_43","7_14vii","Influenza",10,10,75.1476113794954
"CC001xCC055","47","13140x16680_47","7_14vii","Influenza",10,10,80.9895833333333
"CC001xCC055","104","13140x16680_104","8_14viii","Influenza",15,4,89.0666666666667
"CC001xCC055","105","13140x16680_105","8_14viii","Influenza",15,8,91.7241379310345
"CC001xCC055","108","13140x16680_108","8_14viii","Influenza",15,8,89.6236559139785
"CC001xCC055","109","13140x16680_109","8_14viii","Influenza",15,8,85.2121212121212
"CC001xCC055","150","13140x16680_150","9_14ix","Influenza",45,13,88.2494004796163
"CC001xCC055","151","13140x16680_151","9_14ix","Influenza",45,7,73.0310262529833
"CC001xCC055","152","13140x16680_152","9_14ix","Influenza",45,7,70.7035175879397
"CC001xCC074","163","13140x3015_163","3_13iii","Influenza",10,7,83.2041343669251
"CC001xCC074","179","13140x3015_179","3_13iii","Influenza",10,7,89.4472361809045
"CC001xCC074","180","13140x3015_180","3_13iii","Influenza",10,5,85.0253807106599
"CC001xCC074","96","13140x3015_96","3_13iii","Influenza",15,7,93.9866369710468
"CC001xCC074","102","13140x3015_102","3_13iii","Influenza",15,5,80.2997858672377
"CC001xCC074","131","13140x3015_131","3_13iii","Influenza",15,10,94.6004319654428
"CC001xCC074","145","13140x3015_145","3_13iii","Influenza",45,4,84.375
"CC001xCC074","148","13140x3015_148","3_13iii","Influenza",45,4,92.6892950391645
"CC001xCC074","149","13140x3015_149","3_13iii","Influenza",45,4,94.3478260869565
"CC007xCC070","7","13421x16034_7","5_15v","Influenza",10,5,85.4406130268199
"CC007xCC070","11","13421x16034_11","5_15v","Influenza",10,4,90
"CC007xCC070","17","13421x16034_17","5_15v","Influenza",10,8,71.4932126696833
"CC007xCC070","64","13421x16034_64","7_15vii","Influenza",15,4,95.7528957528958
"CC007xCC070","67","13421x16034_67","7_15vii","Influenza",15,4,94.7368421052632
"CC007xCC070","72","13421x16034_72","7_15vii","Influenza",15,3,96.234309623431
"CC007xCC070","104","13421x16034_104","10_15x","Influenza",45,7,71.6738197424893
"CC007xCC070","105","13421x16034_105","10_15x","Influenza",45,4,90.8212560386473
"CC007xCC070","106","13421x16034_106","10_15x","Influenza",45,6,82.962962962963
"CC007xCC070","120","13421x16034_120","11_15xi","Influenza",45,5,75.8771929824561
"CC007xCC070","121","13421x16034_121","11_15xi","Influenza",45,4,94.8905109489051
"CC007xCC070","122","13421x16034_122","11_15xi","Influenza",45,8,70.8661417322835
"CC007xCC070","123","13421x16034_123","11_15xi","Influenza",45,5,76.2162162162162
"CC007xCC075","63","13421x3260_63","3_16iii","Influenza",10,7,86.8
"CC007xCC075","64","13421x3260_64","3_16iii","Influenza",10,5,80
"CC007xCC075","65","13421x3260_65","3_16iii","Influenza",10,10,74.3589743589744
"CC007xCC075","66","13421x3260_66","3_16iii","Influenza",10,9,79.7356828193833
"CC007xCC075","40","13421x3260_40","11_15xi","Influenza",45,4,96.6789667896679
"CC007xCC075","48","13421x3260_48","11_15xi","Influenza",45,4,86.8217054263566
"CC007xCC075","49","13421x3260_49","11_15xi","Influenza",45,5,80.6949806949807
"CC039xCC020","10","15155x8054_10","5_14v","Influenza",10,9,78.4103114930183
"CC039xCC020","16","15155x8054_16","5_14v","Influenza",10,7,100.248385494287
"CC039xCC020","17","15155x8054_17","5_14v","Influenza",10,3,93.8756855575868
"CC039xCC020","111","15155x8054_111","9_14ix","Influenza",15,4,96.3254593175853
"CC039xCC020","112","15155x8054_112","9_14ix","Influenza",15,3,91.304347826087
"CC039xCC020","113","15155x8054_113","9_14ix","Influenza",15,3,96.6824644549763
"CC039xCC020","114","15155x8054_114","9_14ix","Influenza",15,7,74.0512820512821
"CC039xCC020","115","15155x8054_115","9_14ix","Influenza",15,3,95.8024691358025
"CC039xCC020","75","15155x8054_75","8_14viii","Influenza",45,4,101.734104046243
"CC039xCC020","85","15155x8054_85","8_14viii","Influenza",45,1,101.932367149758
"CC039xCC020","95","15155x8054_95","8_14viii","Influenza",45,4,97.4860335195531
"CC002xCC021","195","15156x1566_195","3_13iii","Influenza",10,6,88.1987577639752
"CC002xCC021","199","15156x1566_199","3_13iii","Influenza",10,6,86.3849765258216
"CC002xCC021","200","15156x1566_200","3_13iii","Influenza",10,6,88.272921108742
"CC002xCC021","170","15156x1566_170","2_13ii","Influenza",15,7,86.6492146596859
"CC002xCC021","174","15156x1566_174","2_13ii","Influenza",15,6,85.9437751004016
"CC002xCC021","185","15156x1566_185","2_13ii","Influenza",15,3,89.1949152542373
"CC002xCC021","201","15156x1566_201","3_13iii","Influenza",15,6,86.6359447004608
"CC002xCC021","202","15156x1566_202","3_13iii","Influenza",15,3,88.4955752212389
"CC002xCC021","163","15156x1566_163","2_13ii","Influenza",45,7,97.6190476190476
"CC002xCC021","168","15156x1566_168","2_13ii","Influenza",45,7,84.7311827956989
"CC002xCC021","178","15156x1566_178","2_13ii","Influenza",45,3,91.0224438902743
"CC002xCC011","20","15156x3252_20","10_13x","Influenza",10,3,95.1541850220264
"CC002xCC011","34","15156x3252_34","10_13x","Influenza",10,2,94.4897959183673
"CC002xCC011","49","15156x3252_49","10_13x","Influenza",10,4,89.4052044609665
"CC002xCC011","11","15156x3252_11","10_13x","Influenza",15,10,88.9830508474576
"CC002xCC011","32","15156x3252_32","10_13x","Influenza",15,4,94.4933920704846
"CC002xCC011","56","15156x3252_56","10_13x","Influenza",15,7,92.094861660079
"CC002xCC011","6","15156x3252_6","10_13x","Influenza",45,10,94.4915254237288
"CC002xCC011","7","15156x3252_7","10_13x","Influenza",45,9,94.9473684210526
"CC002xCC011","13","15156x3252_13","10_13x","Influenza",45,10,95.9227467811159
"CC002xCC011","58","15156x3252_58","10_13x","Influenza",45,11,91.7061611374408
"CC002xCC011","59","15156x3252_59","10_13x","Influenza",45,11,91.3978494623656
"CC021xCC032","36","1566x8002_36","1_13i","Influenza",15,1,95.1612903225806
"CC021xCC032","37","1566x8002_37","1_13i","Influenza",15,7,92.9268292682927
"CC021xCC032","41","1566x8002_41","1_13i","Influenza",15,8,79.1773778920308
"CC021xCC023","32","1566x8043_32","6_14vi","Influenza",10,8,92.2196796338673
"CC021xCC023","39","1566x8043_39","6_14vi","Influenza",10,5,97.9220779220779
"CC021xCC023","40","1566x8043_40","6_14vi","Influenza",10,6,93.0131004366812
"CC021xCC023","78","1566x8043_78","7_14vii","Influenza",15,2,93.0826369545033
"CC021xCC023","79","1566x8043_79","7_14vii","Influenza",15,15,99.0990990990991
"CC021xCC023","80","1566x8043_80","7_14vii","Influenza",15,2,92.9636533084809
"CC021xCC023","24","1566x8043_24","6_14vi","Influenza",45,2,93.6470588235294
"CC021xCC023","25","1566x8043_25","6_14vi","Influenza",45,11,97.7667493796526
"CC021xCC023","26","1566x8043_26","6_14vi","Influenza",45,2,101.449275362319
"CC059xCC065","67","16012x5119_67","9_14ix","Influenza",10,4,88.6543535620053
"CC059xCC065","68","16012x5119_68","9_14ix","Influenza",10,3,91.131498470948
"CC059xCC065","76","16012x5119_76","9_14ix","Influenza",10,4,85.1153039832285
"CC059xCC065","77","16012x5119_77","9_14ix","Influenza",10,5,80.3765690376569
"CC059xCC065","56","16012x5119_56","9_14ix","Influenza",15,4,89.247311827957
"CC059xCC065","60","16012x5119_60","9_14ix","Influenza",15,4,84.3501326259947
"CC059xCC065","61","16012x5119_61","9_14ix","Influenza",15,4,89.4601542416452
"CC059xCC065","69","16012x5119_69","9_14ix","Influenza",45,5,81.3452914798206
"CC059xCC065","70","16012x5119_70","9_14ix","Influenza",45,4,87.7358490566038
"CC059xCC065","78","16012x5119_78","9_14ix","Influenza",45,4,83.6027713625866
"CC070xCC003","32","16034x13067_32","6_15vi","Influenza",10,4,95.2727272727273
"CC070xCC003","39","16034x13067_39","6_15vi","Influenza",10,10,89.2561983471075
"CC070xCC003","45","16034x13067_45","6_15vi","Influenza",10,7,84.469696969697
"CC070xCC003","33","16034x13067_33","6_15vi","Influenza",15,4,91.7602996254682
"CC070xCC003","40","16034x13067_40","6_15vi","Influenza",15,7,78.6821705426357
"CC070xCC003","46","16034x13067_46","6_15vi","Influenza",15,7,77.3381294964029
"CC070xCC003","82","16034x13067_82","7_15vii","Influenza",45,5,90.1234567901234
"CC070xCC003","83","16034x13067_83","7_15vii","Influenza",45,4,90.1709401709402
"CC070xCC003","84","16034x13067_84","7_15vii","Influenza",45,9,69.8473282442748
"CC037xCC057","117","16072x3393_117","9_14ix","Influenza",10,7,91.6008316008316
"CC037xCC057","121","16072x3393_121","9_14ix","Influenza",10,1,86.2403100775194
"CC037xCC057","148","16072x3393_148","9_14ix","Influenza",10,6,95.4545454545455
"CC037xCC057","118","16072x3393_118","9_14ix","Influenza",15,11,91.0755148741419
"CC037xCC057","119","16072x3393_119","9_14ix","Influenza",15,13,93.8369781312127
"CC037xCC057","120","16072x3393_120","9_14ix","Influenza",15,15,96.4796905222437
"CC037xCC057","142","16072x3393_142","9_14ix","Influenza",45,13,95.3125
"CC037xCC057","143","16072x3393_143","9_14ix","Influenza",45,4,94.6745562130178
"CC037xCC057","144","16072x3393_144","9_14ix","Influenza",45,5,97.3120728929385
"CC037xCC057","145","16072x3393_145","9_14ix","Influenza",45,10,92.9705215419501
"CC037xCC057","146","16072x3393_146","9_14ix","Influenza",45,5,95.0462962962963
"CC037xCC057","147","16072x3393_147","9_14ix","Influenza",45,3,94.9074074074074
"CC037xCC046","9","16072x5346_9","6_15vi","Influenza",10,7,96.9298245614035
"CC037xCC046","10","16072x5346_10","6_15vi","Influenza",10,7,95.631067961165
"CC037xCC046","23","16072x5346_23","6_15vi","Influenza",10,7,99.5073891625616
"CC037xCC046","24","16072x5346_24","6_15vi","Influenza",15,7,96.1165048543689
"CC037xCC046","29","16072x5346_29","6_15vi","Influenza",15,7,91.8181818181818
"CC037xCC046","36","16072x5346_36","6_15vi","Influenza",15,8,98.0392156862745
"CC004xCC011","198","16188x3252_198","6_13vi","Influenza",10,4,94.1373534338358
"CC004xCC011","199","16188x3252_199","6_13vi","Influenza",10,4,94.8
"CC004xCC011","217","16188x3252_217","6_13vi","Influenza",10,4,86.9565217391304
"CC004xCC011","218","16188x3252_218","6_13vi","Influenza",10,4,91.0284463894967
"CC004xCC011","81","16188x3252_81","1_13i","Influenza",15,10,94.1747572815534
"CC004xCC011","82","16188x3252_82","1_13i","Influenza",15,4,92.9577464788732
"CC004xCC011","85","16188x3252_85","1_13i","Influenza",15,6,78.8819875776398
"CC004xCC011","236","16188x3252_236","7_13vii","Influenza",15,4,89.5074088906688
"CC004xCC011","237","16188x3252_237","7_13vii","Influenza",15,4,90.0452488687783
"CC004xCC011","238","16188x3252_238","7_13vii","Influenza",15,4,86.9221651521138
"CC004xCC011","154","16188x3252_154","4_13iv","Influenza",45,2,93.2405566600398
"CC004xCC011","155","16188x3252_155","4_13iv","Influenza",45,4,87.2881355932203
"CC004xCC011","160","16188x3252_160","4_13iv","Influenza",45,4,85.1258581235698
"CC004xCC012","73","16188x8005_73","11_13xi","Influenza",10,6,71.8232044198895
"CC004xCC012","74","16188x8005_74","11_13xi","Influenza",10,3,79
"CC004xCC012","75","16188x8005_75","11_13xi","Influenza",10,9,66.9902912621359
"CC004xCC012","81","16188x8005_81","1_14i","Influenza",15,2,90.0084674005081
"CC004xCC012","82","16188x8005_82","1_14i","Influenza",15,9,87.9411764705882
"CC004xCC012","83","16188x8005_83","1_14i","Influenza",15,8,86.9639794168096
"CC004xCC012","77","16188x8005_77","12_13xii","Influenza",45,9,78.5553047404063
"CC004xCC012","107","16188x8005_107","12_13xii","Influenza",45,8,84.8214285714286
"CC004xCC012","108","16188x8005_108","12_13xii","Influenza",45,8,86.6004962779156
"CC005xCC001","50","16211X13140_50","6_13vi","Influenza",10,5,89.2420537897311
"CC005xCC001","51","16211X13140_51","6_13vi","Influenza",10,4,96.1352657004831
"CC005xCC001","52","16211X13140_52","6_13vi","Influenza",10,4,96.3503649635037
"CC005xCC001","54","16211x13140_54","9_13ix","Influenza",15,8,95.3846153846154
"CC005xCC001","64","16211x13140_64","9_13ix","Influenza",15,4,95.0961538461539
"CC005xCC001","65","16211x13140_65","9_13ix","Influenza",15,8,96.8325791855203
"CC005xCC001","120","16211x13140_120","11_13xi","Influenza",45,4,92.0479302832244
"CC005xCC001","121","16211x13140_121","11_13xi","Influenza",45,4,91.331096196868
"CC005xCC001","126","16211x13140_126","11_13xi","Influenza",45,5,88.0368098159509
"CC005xCC001","127","16211x13140_127","11_13xi","Influenza",45,1,95.4010695187166
"CC005xCC001","128","16211x13140_128","11_13xi","Influenza",45,4,93.8659793814433
"CC005xCC001","129","16211x13140_129","11_13xi","Influenza",45,4,91.7156862745098
"CC005xCC040","90","16211x16557_90","5_14v","Influenza",10,7,97.9629629629629
"CC005xCC040","94","16211x16557_94","5_14v","Influenza",10,4,92.491610738255
"CC005xCC040","97","16211x16557_97","5_14v","Influenza",10,4,93.4119960668633
"CC005xCC040","129","16211x16557_129","8_14viii","Influenza",15,8,90.3307888040712
"CC005xCC040","133","16211x16557_133","8_14viii","Influenza",15,10,94.5833333333333
"CC005xCC040","134","16211x16557_134","8_14viii","Influenza",15,4,96.1206896551724
"CC005xCC040","135","16211x16557_135","8_14viii","Influenza",15,5,90.4017857142857
"CC005xCC040","91","16211x16557_91","5_14v","Influenza",45,13,89.4886363636364
"CC005xCC040","95","16211x16557_95","5_14v","Influenza",45,10,89.5132743362832
"CC005xCC040","98","16211x16557_98","5_14v","Influenza",45,15,92.2897196261682
"CC005xCC038","56","16211x8049_56","3_16iii","Influenza",15,5,84.7953216374269
"CC005xCC038","60","16211x8049_60","3_16iii","Influenza",15,4,88.7417218543046
"CC005xCC038","61","16211x8049_61","3_16iii","Influenza",15,4,85.3801169590643
"CC005xCC038","65","16211x8049_65","4_16iv","Influenza",45,4,93.8931297709924
"CC005xCC038","68","16211x8049_68","4_16iv","Influenza",45,4,88.7755102040816
"CC005xCC038","69","16211x8049_69","4_16iv","Influenza",45,1,88.9502762430939
"CC005xCC020","16","16211x8054_16","2_16ii","Influenza",10,4,97.752808988764
"CC005xCC020","31","16211x8054_31","2_16ii","Influenza",10,4,91.304347826087
"CC005xCC020","38","16211x8054_38","2_16ii","Influenza",10,4,98.7878787878788
"CC049xCC036","34","16296x477_34","2_15ii","Influenza",45,5,89.5287958115183
"CC049xCC036","35","16296x477_35","2_15ii","Influenza",45,4,91.3265306122449
"CC049xCC036","36","16296x477_36","2_15ii","Influenza",45,4,92.3076923076923
"CC049xCC036","37","16296x477_37","2_15ii","Influenza",45,4,90.5263157894737
"CC049xCC036","42","16296x477_42","2_15ii","Influenza",45,8,91.9354838709677
"CC041xCC012","131","16441X8005_131","6_13vi","Influenza",10,10,70.4845814977974
"CC041xCC012","132","16441X8005_132","6_13vi","Influenza",10,8,77.0642201834862
"CC041xCC012","137","16441X8005_137","6_13vi","Influenza",10,8,73.6111111111111
"CC041xCC012","154","16441x8005_154","7_13vii","Influenza",15,8,79.4777828676134
"CC041xCC012","190","16441x8005_190","7_13vii","Influenza",15,8,81.107619795758
"CC041xCC012","191","16441x8005_191","7_13vii","Influenza",15,9,96.875
"CC041xCC012","75","16441X8005_75","5_13v","Influenza",45,7,91.5217391304348
"CC041xCC012","76","16441X8005_76","5_13v","Influenza",45,8,78.1038374717833
"CC041xCC012","80","16441X8005_80","5_13v","Influenza",45,8,76.0526315789474
"CC041xCC016","81","16441x8024_81","7_14vii","Influenza",10,8,89.4160583941606
"CC041xCC016","82","16441x8024_82","7_14vii","Influenza",10,1,97.5937325125909
"CC041xCC016","83","16441x8024_83","7_14vii","Influenza",10,8,86.6733466933868
"CC041xCC016","91","16441x8024_91","8_14viii","Influenza",15,9,82.3529411764706
"CC041xCC016","100","16441x8024_100","8_14viii","Influenza",15,7,80.3964757709251
"CC041xCC016","101","16441x8024_101","8_14viii","Influenza",15,8,85.2256532066508
"CC041xCC016","39","16441x8024_39","5_14v","Influenza",45,8,92.3913043478261
"CC041xCC016","40","16441x8024_40","5_14v","Influenza",45,8,86.8870523415978
"CC041xCC016","41","16441x8024_41","5_14v","Influenza",45,8,98.0022831050228
"CC041xCC016","42","16441x8024_42","5_14v","Influenza",45,8,94.5709281961471
"CC019xCC002","239","16513x15156_239","1_15i","Influenza",10,8,100
"CC019xCC002","240","16513x15156_240","1_15i","Influenza",10,7,95.8974358974359
"CC019xCC002","241","16513x15156_241","1_15i","Influenza",10,8,92.5
"CC019xCC002","302","16513x15156_302","4_15iv","Influenza",10,8,93.4343434343434
"CC019xCC002","304","16513x15156_304","4_15iv","Influenza",10,7,93.3333333333333
"CC019xCC002","312","16513x15156_312","4_15iv","Influenza",10,3,95.3367875647668
"CC019xCC002","70","16513x15156_70","10_13x","Influenza",15,8,87.8411910669975
"CC019xCC002","71","16513x15156_71","10_13x","Influenza",15,9,87.5722543352601
"CC019xCC002","72","16513x15156_72","10_13x","Influenza",15,9,89.9736147757256
"CC019xCC002","101","16513x15156_101","11_13xi","Influenza",45,7,88.3049242424242
"CC019xCC002","102","16513x15156_102","11_13xi","Influenza",45,1,90.6565656565656
"CC019xCC002","103","16513x15156_103","11_13xi","Influenza",45,3,76.5884652981427
"CC019xCC002","104","16513x15156_104","11_13xi","Influenza",45,8,87.3910814966684
"CC019xCC004","134","16513x16188_134","2_14ii","Influenza",10,8,99.7389033942559
"CC019xCC004","135","16513x16188_135","2_14ii","Influenza",10,9,78.5145888594164
"CC019xCC004","13","16513x16188_13","10_13x","Influenza",15,8,91.9770773638969
"CC019xCC004","14","16513x16188_14","10_13x","Influenza",15,12,77.9614325068871
"CC019xCC004","15","16513x16188_15","10_13x","Influenza",15,11,76.1764705882353
"CC019xCC004","136","16513x16188_136","4_14iv","Influenza",45,9,92.9133858267716
"CC019xCC004","137","16513x16188_137","4_14iv","Influenza",45,7,91.9376391982183
"CC019xCC004","142","16513x16188_142","4_14iv","Influenza",45,9,90.4059040590406
"CC019xCC004","143","16513x16188_143","4_14iv","Influenza",45,9,90.2439024390244
"CC019xCC027","33","16513x8027_33","1_16i","Influenza",10,5,97.5757575757576
"CC019xCC027","43","16513x8027_43","1_16i","Influenza",10,7,101.212121212121
"CC019xCC027","46","16513x8027_46","1_16i","Influenza",10,4,99.4117647058823
"CC019xCC027","52","16513x8027_52","1_16i","Influenza",10,5,100.602409638554
"CC019xCC027","4","16513x8027_4","1_16i","Influenza",15,1,99.4082840236686
"CC019xCC027","8","16513x8027_8","1_16i","Influenza",15,5,98.7878787878788
"CC019xCC027","15","16513x8027_15","1_16i","Influenza",15,7,100
"CC019xCC027","28","16513x8027_28","1_16i","Influenza",15,12,93.3333333333333
"CC019xCC027","39","16513x8027_39","1_16i","Influenza",15,12,95.1388888888889
"CC019xCC027","41","16513x8027_41","1_16i","Influenza",15,3,98.1927710843374
"CC019xCC027","42","16513x8027_42","1_16i","Influenza",15,12,88.3561643835616
"CC019xCC027","10","16513x8027_10","1_16i","Influenza",45,7,98.2456140350877
"CC019xCC027","19","16513x8027_19","1_16i","Influenza",45,5,98.2558139534884
"CC072xCC075","94","16521x3260_94","9_15ix","Influenza",15,7,92.1487603305785
"CC072xCC075","95","16521x3260_95","9_15ix","Influenza",15,8,85.5371900826446
"CC072xCC075","96","16521x3260_96","9_15ix","Influenza",15,7,94.8275862068966
"CC072xCC063","75","16521x5391_75","12_15xii","Influenza",10,4,97.5369458128079
"CC072xCC063","77","16521x5391_77","12_15xii","Influenza",10,3,93.7777777777778
"CC072xCC063","79","16521x5391_79","12_15xii","Influenza",10,4,91.9642857142857
"CC072xCC063","80","16521x5391_80","12_15xii","Influenza",10,4,88.2352941176471
"CC072xCC063","22","16521x5391_22","10_15x","Influenza",15,3,98.6666666666667
"CC072xCC063","23","16521x5391_23","10_15x","Influenza",15,1,95.049504950495
"CC072xCC063","24","16521x5391_24","10_15x","Influenza",15,2,98.4615384615385
"CC072xCC063","25","16521x5391_25","10_15x","Influenza",15,2,93.103448275862
"CC072xCC063","83","16521x5391_83","1_16i","Influenza",45,4,62.0817843866171
"CC072xCC063","84","16521x5391_84","1_16i","Influenza",45,4,96.6417910447761
"CC072xCC063","86","16521x5391_86","1_16i","Influenza",45,3,97.0338983050847
"CC040xCC003","129","16557x13067_129","5_14v","Influenza",10,10,69.4444444444445
"CC040xCC003","130","16557x13067_130","5_14v","Influenza",10,10,72.2113502935421
"CC040xCC003","131","16557x13067_131","5_14v","Influenza",10,8,97.2069092245498
"CC040xCC003","68","16557x13067_68","2_14ii","Influenza",15,7,93.6334405144695
"CC040xCC003","69","16557x13067_69","2_14ii","Influenza",15,1,96.9685767097967
"CC040xCC003","70","16557x13067_70","2_14ii","Influenza",15,10,75.3684210526316
"CC040xCC003","117","16557x13067_117","4_14iv","Influenza",45,9,77.3626373626374
"CC040xCC003","118","16557x13067_118","4_14iv","Influenza",45,10,83.5984095427435
"CC040xCC003","119","16557x13067_119","4_14iv","Influenza",45,8,85.2427184466019
"CC040xCC015","69","16557x3154_69","8_15viii","Influenza",10,10,75.6756756756757
"CC040xCC015","71","16557x3154_71","8_15viii","Influenza",10,9,70.9523809523809
"CC040xCC015","74","16557x3154_74","8_15viii","Influenza",10,10,69.0582959641256
"CC040xCC015","97","16557x3154_97","9_15ix","Influenza",15,8,70.8542713567839
"CC040xCC015","98","16557x3154_98","9_15ix","Influenza",15,6,78.5046728971963
"CC040xCC015","99","16557x3154_99","9_15ix","Influenza",15,8,73.7113402061856
"CC040xCC015","102","16557x3154_102","9_15ix","Influenza",15,8,74.235807860262
"CC040xCC015","112","16557x3154_112","9_15ix","Influenza",15,8,72.5225225225225
"CC040xCC015","103","16557x3154_103","9_15ix","Influenza",45,6,78.7037037037037
"CC040xCC015","104","16557x3154_104","9_15ix","Influenza",45,9,68.9320388349514
"CC040xCC015","108","16557x3154_108","9_15ix","Influenza",45,9,64.6017699115044
"CC040xCC015","109","16557x3154_109","9_15ix","Influenza",45,6,80.8219178082192
"CC040xCC015","113","16557x3154_113","9_15ix","Influenza",45,9,78.0748663101604
"CC055xCC006","70","16680x16750_70","6_16vi","Influenza",10,7,81.858407079646
"CC055xCC006","71","16680x16750_71","6_16vi","Influenza",10,7,82.2222222222222
"CC055xCC006","72","16680x16750_72","6_16vi","Influenza",10,7,89.9563318777293
"CC055xCC006","73","16680x16750_73","6_16vi","Influenza",10,7,86.7579908675799
"CC055xCC006","127","16680x16750_127","7_16vii","Influenza",15,8,71.6494845360825
"CC055xCC006","128","16680x16750_128","7_16vii","Influenza",15,8,70.9183673469388
"CC055xCC006","139","16680x16750_139","7_16vii","Influenza",15,7,88.6255924170616
"CC055xCC006","143","16680x16750_143","7_16vii","Influenza",15,7,93.0348258706468
"CC055xCC006","7","16680x16750_7","12_15xii","Influenza",45,4,101.785714285714
"CC055xCC006","8","16680x16750_8","12_15xii","Influenza",45,6,113.661202185792
"CC055xCC006","10","16680x16750_10","12_15xii","Influenza",45,7,91.2371134020619
"CC055xCC006","11","16680x16750_11","12_15xii","Influenza",45,4,102.631578947368
"CC055xCC028","133","16680x8016_133","8_15viii","Influenza",10,2,97.752808988764
"CC055xCC028","134","16680x8016_134","8_15viii","Influenza",10,4,92
"CC055xCC028","135","16680x8016_135","8_15viii","Influenza",10,4,100.873362445415
"CC055xCC028","65","16680x8016_65","3_15iii","Influenza",15,4,96.5250965250965
"CC055xCC028","66","16680x8016_66","3_15iii","Influenza",15,4,93.8931297709924
"CC055xCC028","70","16680x8016_70","3_15iii","Influenza",15,4,85.2713178294574
"CC055xCC028","71","16680x8016_71","3_15iii","Influenza",15,12,98.2978723404255
"CC055xCC028","102","16680x8016_102","7_15vii","Influenza",15,10,85.9315589353612
"CC055xCC028","103","16680x8016_103","7_15vii","Influenza",15,4,100
"CC055xCC028","111","16680x8016_111","7_15vii","Influenza",15,7,80.3508771929825
"CC055xCC028","112","16680x8016_112","7_15vii","Influenza",15,4,85.4961832061069
"CC055xCC028","115","16680x8016_115","8_15viii","Influenza",45,15,80.7843137254902
"CC055xCC028","116","16680x8016_116","8_15viii","Influenza",45,14,87.5
"CC055xCC028","123","16680x8016_123","8_15viii","Influenza",45,9,88.5608856088561
"CC006xCC007","90","16750x13421_90","4_15iv","Influenza",10,8,94.4954128440367
"CC006xCC007","98","16750x13421_98","4_15iv","Influenza",10,7,88.2352941176471
"CC006xCC007","104","16750x13421_104","4_15iv","Influenza",10,10,96.1538461538462
"CC006xCC007","105","16750x13421_105","4_15iv","Influenza",10,8,90.5660377358491
"CC006xCC007","148","16750x13421_148","6_15vi","Influenza",10,7,82.089552238806
"CC006xCC007","149","16750x13421_149","6_15vi","Influenza",10,7,87.037037037037
"CC006xCC007","150","16750x13421_150","6_15vi","Influenza",10,8,80.5825242718447
"CC006xCC007","50","16750x13421_50","1_15i","Influenza",15,7,83.4101382488479
"CC006xCC007","60","16750x13421_60","1_15i","Influenza",15,8,89.0909090909091
"CC006xCC007","61","16750x13421_61","1_15i","Influenza",15,8,90.5405405405405
"CC006xCC007","62","16750x13421_62","1_15i","Influenza",15,10,84.5794392523365
"CC006xCC007","89","16750x13421_89","4_15iv","Influenza",45,8,93.2735426008969
"CC006xCC007","96","16750x13421_96","4_15iv","Influenza",45,8,91.4572864321608
"CC006xCC007","97","16750x13421_97","4_15iv","Influenza",45,8,84.2592592592593
"CC006xCC039","72","16750x15155_72","1_16i","Influenza",10,3,90.1477832512315
"CC006xCC039","79","16750x15155_79","1_16i","Influenza",10,6,92.972972972973
"CC006xCC039","113","16750x15155_113","2_16ii","Influenza",15,6,92.9752066115702
"CC006xCC039","114","16750x15155_114","2_16ii","Influenza",15,15,93.9914163090129
"CC006xCC039","119","16750x15155_119","2_16ii","Influenza",15,6,96.1864406779661
"CC006xCC039","38","16750x15155_38","12_15xii","Influenza",45,2,117.241379310345
"CC006xCC039","39","16750x15155_39","12_15xii","Influenza",45,3,112.432432432432
"CC006xCC039","42","16750x15155_42","12_15xii","Influenza",45,6,121.556886227545
"CC006xCC039","43","16750x15155_43","12_15xii","Influenza",45,2,118.079096045198
"CC068xCC035","85","16768x5035_85","5_16v","Influenza",10,5,92.1787709497207
"CC068xCC035","87","16768x5035_87","5_16v","Influenza",10,4,87.1794871794872
"CC068xCC035","90","16768x5035_90","7_16vii","Influenza",15,13,87.7049180327869
"CC068xCC035","96","16768x5035_96","7_16vii","Influenza",15,13,94.9308755760369
"CC068xCC035","103","16768x5035_103","7_16vii","Influenza",15,4,98.1220657276995
"CC068xCC035","109","16768x5035_109","9_16ix","Influenza",45,11,89.7321428571429
"CC068xCC035","110","16768x5035_110","9_16ix","Influenza",45,10,95.067264573991
"CC068xCC043","63","16768x8021_63","4_15iv","Influenza",10,8,91.1764705882353
"CC068xCC043","64","16768x8021_64","4_15iv","Influenza",10,4,93.4579439252336
"CC068xCC043","65","16768x8021_65","4_15iv","Influenza",10,4,91.5492957746479
"CC068xCC043","143","16768x8021_143","5_16v","Influenza",10,5,91.4141414141414
"CC068xCC043","144","16768x8021_144","5_16v","Influenza",10,3,95.1871657754011
"CC068xCC043","156","16768x8021_156","5_16v","Influenza",10,5,93.0555555555556
"CC068xCC043","112","16768x8021_112","11_15xi","Influenza",15,6,69.4835680751174
"CC068xCC043","113","16768x8021_113","11_15xi","Influenza",15,4,80.0813008130081
"CC068xCC043","116","16768x8021_116","11_15xi","Influenza",15,6,79.2207792207792
"CC068xCC043","2","16768x8021_2","10_14x","Influenza",45,7,98.6486486486486
"CC068xCC043","3","16768x8021_3","10_14x","Influenza",45,7,94.6153846153846
"CC068xCC043","11","16768x8021_11","10_14x","Influenza",45,5,96.7032967032967
"CC071xCC058","57","16785x5358_57","9_16ix","Influenza",15,6,89.7849462365591
"CC071xCC058","58","16785x5358_58","9_16ix","Influenza",15,4,92.6829268292683
"CC071xCC053","110","16785x773_110","10_15x","Influenza",10,4,92.0212765957447
"CC071xCC053","111","16785x773_111","10_15x","Influenza",10,4,90.1734104046243
"CC071xCC053","115","16785x773_115","10_15x","Influenza",10,5,82.4561403508772
"CC071xCC053","92","16785x773_92","9_15ix","Influenza",15,7,85.5491329479769
"CC071xCC053","93","16785x773_93","9_15ix","Influenza",15,5,87.2340425531915
"CC071xCC053","98","16785x773_98","9_15ix","Influenza",15,7,90
"CC051xCC005","76","16912X16211_76","6_13vi","Influenza",10,4,95.8041958041958
"CC051xCC005","81","16912X16211_81","6_13vi","Influenza",10,4,94.6635730858468
"CC051xCC005","82","16912X16211_82","6_13vi","Influenza",10,4,94.5355191256831
"CC051xCC005","109","16912X16211_109","6_13vi","Influenza",10,4,85
"CC051xCC005","153","16912x16211_153","7_13vii","Influenza",15,4,91.8864097363083
"CC051xCC005","161","16912x16211_161","7_13vii","Influenza",15,9,98.6005089058524
"CC051xCC005","162","16912x16211_162","7_13vii","Influenza",15,4,91.8552036199095
"CC051xCC005","137","16912x16211_137","7_13vii","Influenza",45,3,91.5374947633012
"CC051xCC005","138","16912x16211_138","7_13vii","Influenza",45,3,90.5003909304144
"CC051xCC005","144","16912x16211_144","7_13vii","Influenza",45,3,88.0016722408027
"CC051xCC009","12","16912x5489_12","4_14iv","Influenza",10,10,70.1193520886615
"CC051xCC009","25","16912x5489_25","4_14iv","Influenza",10,8,74.6136865342163
"CC051xCC009","26","16912x5489_26","4_14iv","Influenza",10,10,73.2673267326733
"CC051xCC009","48","16912x5489_48","5_14v","Influenza",15,13,89.2452830188679
"CC051xCC009","49","16912x5489_49","5_14v","Influenza",15,8,82.8368794326241
"CC051xCC009","52","16912x5489_52","5_14v","Influenza",15,8,84.6125730994152
"CC051xCC009","62","16912x5489_62","5_14v","Influenza",45,13,85.4849965108165
"CC051xCC009","63","16912x5489_63","5_14v","Influenza",45,8,92.9979035639413
"CC051xCC009","64","16912x5489_64","5_14v","Influenza",45,13,84.0776699029126
"CC042xCC019","124","18042x16513_124","12_13xii","Influenza",10,9,91.9308357348703
"CC042xCC019","125","18042x16513_125","12_13xii","Influenza",10,9,92.2297297297297
"CC042xCC019","126","18042x16513_126","12_13xii","Influenza",10,10,87.6971608832808
"CC042xCC019","1","18042x16513_1","9_13ix","Influenza",15,15,88.8090349075975
"CC042xCC019","2","18042x16513_2","9_13ix","Influenza",15,4,90.4208194905869
"CC042xCC019","5","18042x16513_5","9_13ix","Influenza",15,4,93.6085972850679
"CC042xCC019","12","18042x16513_12","9_13ix","Influenza",15,6,90.4988123515439
"CC042xCC019","81","18042x16513_81","10_13x","Influenza",45,4,97.1509971509972
"CC042xCC019","82","18042x16513_82","10_13x","Influenza",45,11,90.7692307692308
"CC042xCC019","83","18042x16513_83","10_13x","Influenza",45,11,94.7945205479452
"CC042xCC017","83","18042x3032_83","12_13xii","Influenza",10,8,89.9521531100479
"CC042xCC017","92","18042x3032_92","12_13xii","Influenza",10,7,89.3867924528302
"CC042xCC017","127","18042x3032_127","1_14i","Influenza",15,10,94.8018747337026
"CC042xCC017","128","18042x3032_128","1_14i","Influenza",15,3,95.3454894433781
"CC042xCC017","129","18042x3032_129","1_14i","Influenza",15,13,93.8893844781445
"CC042xCC017","130","18042x3032_130","1_14i","Influenza",15,3,93.963963963964
"CC042xCC017","82","18042x3032_82","12_13xii","Influenza",45,9,87.3508353221957
"CC042xCC017","88","18042x3032_88","12_13xii","Influenza",45,9,84.0725806451613
"CC042xCC017","106","18042x3032_106","12_13xii","Influenza",45,10,92.1518987341772
"CC042xCC017","107","18042x3032_107","12_13xii","Influenza",45,9,95.4301075268817
"CC042xCC017","114","18042x3032_114","12_13xii","Influenza",45,8,91.9239904988124
"CC042xCC025","16","18042x8008_16","7_16vii","Influenza",10,6,94.2105263157895
"CC042xCC025","21","18042x8008_21","7_16vii","Influenza",10,4,89.0710382513661
"CC042xCC025","22","18042x8008_22","7_16vii","Influenza",10,3,90.0497512437811
"CC042xCC025","6","18042x8008_6","7_16vii","Influenza",15,7,91.2442396313364
"CC042xCC025","7","18042x8008_7","7_16vii","Influenza",15,4,88.5572139303483
"CC042xCC025","8","18042x8008_8","7_16vii","Influenza",15,7,86.3414634146341
"CC042xCC025","9","18042x8008_9","7_16vii","Influenza",15,4,91.5422885572139
"CC074xCC062","1","3015x5306_1","1_16i","Influenza",10,5,82.5870646766169
"CC074xCC062","5","3015x5306_5","1_16i","Influenza",10,4,84.2857142857143
"CC074xCC062","6","3015x5306_6","1_16i","Influenza",10,3,97.0731707317073
"CC074xCC062","54","3015x5306_54","3_16iii","Influenza",15,6,71.8390804597701
"CC074xCC062","55","3015x5306_55","3_16iii","Influenza",15,5,76.878612716763
"CC074xCC062","60","3015x5306_60","3_16iii","Influenza",15,5,81.2182741116751
"CC074xCC062","61","3015x5306_61","4_16iv","Influenza",45,5,77.5
"CC074xCC062","67","3015x5306_67","4_16iv","Influenza",45,5,89.1304347826087
"CC074xCC062","68","3015x5306_68","4_16iv","Influenza",45,4,84.8039215686275
"CC074xCC062","71","3015x5306_71","4_16iv","Influenza",45,5,75
"CC074xCC062","72","3015x5306_72","4_16iv","Influenza",45,5,79.2929292929293
"CC074xCC058","94","3015x5358_94","2_16ii","Influenza",10,5,90.3914590747331
"CC074xCC058","98","3015x5358_98","2_16ii","Influenza",10,9,88.0769230769231
"CC074xCC058","99","3015x5358_99","2_16ii","Influenza",10,8,89.8305084745763
"CC074xCC058","104","3015x5358_104","2_16ii","Influenza",15,9,88.9830508474576
"CC074xCC058","105","3015x5358_105","2_16ii","Influenza",15,14,78.5123966942149
"CC074xCC058","64","3015x5358_64","11_15xi","Influenza",45,5,80.2631578947368
"CC074xCC058","68","3015x5358_68","11_15xi","Influenza",45,6,73.6842105263158
"CC017xCC004","12","3032x16188_12","7_13vii","Influenza",10,6,73.7244897959184
"CC017xCC004","23","3032x16188_23","7_13vii","Influenza",10,7,72.8798586572438
"CC017xCC004","120","3032x16188_120","8_13viii","Influenza",10,9,70.4485488126649
"CC017xCC004","121","3032x16188_121","8_13viii","Influenza",10,10,70.959595959596
"CC017xCC004","147","3032x16188_147","8_13viii","Influenza",10,7,79.3650793650794
"CC017xCC004","35","3032x16188_35","7_13vii","Influenza",15,9,70.0636942675159
"CC017xCC004","51","3032x16188_51","7_13vii","Influenza",15,7,79.0155440414508
"CC017xCC004","63","3032x16188_63","7_13vii","Influenza",15,9,70.9939148073022
"CC017xCC004","39","3032x16188_39","7_13vii","Influenza",45,7,94.8660714285714
"CC017xCC004","42","3032x16188_42","7_13vii","Influenza",45,7,92.1343349536014
"CC017xCC004","43","3032x16188_43","7_13vii","Influenza",45,14,96.6651644885083
"CC017xCC041","47","3032x16441_47","11_13xi","Influenza",10,9,72.0238095238095
"CC017xCC041","56","3032x16441_56","11_13xi","Influenza",10,10,73.314606741573
"CC017xCC041","57","3032x16441_57","11_13xi","Influenza",10,8,90.4191616766467
"CC017xCC041","58","3032x16441_58","11_13xi","Influenza",10,9,67.5977653631285
"CC017xCC041","52","3032x16441_52","11_13xi","Influenza",15,9,72.5888324873096
"CC017xCC041","53","3032x16441_53","11_13xi","Influenza",15,8,74.398249452954
"CC017xCC041","54","3032x16441_54","11_13xi","Influenza",15,10,70.7725553754727
"CC017xCC041","3","3032x16441_3","10_13x","Influenza",45,11,74.8201438848921
"CC017xCC041","20","3032x16441_20","10_13x","Influenza",45,10,71.9895287958115
"CC017xCC041","21","3032x16441_21","10_13x","Influenza",45,9,74.1239892183288
"CC015xCC059","97","3154x16012_97","8_15viii","Influenza",10,9,79.5555555555555
"CC015xCC059","101","3154x16012_101","8_15viii","Influenza",10,7,91.3934426229508
"CC015xCC059","102","3154x16012_102","8_15viii","Influenza",10,9,77.319587628866
"CC015xCC059","70","3154x16012_70","7_15vii","Influenza",15,9,73.6263736263736
"CC015xCC059","77","3154x16012_77","7_15vii","Influenza",15,12,68.3823529411765
"CC015xCC059","80","3154x16012_80","7_15vii","Influenza",15,9,83.3333333333333
"CC015xCC059","68","3154x16012_68","7_15vii","Influenza",45,7,73.2919254658385
"CC015xCC059","73","3154x16012_73","7_15vii","Influenza",45,9,72.1951219512195
"CC015xCC059","75","3154x16012_75","7_15vii","Influenza",45,8,89.1791044776119
"CC015xCC018","97","3154x3609_97","12_13xii","Influenza",10,8,90.4615384615385
"CC015xCC018","98","3154x3609_98","12_13xii","Influenza",10,7,90.2564102564103
"CC015xCC018","104","3154x3609_104","12_13xii","Influenza",10,4,95.0649350649351
"CC015xCC018","40","3154x3609_40","10_13x","Influenza",15,7,96.8085106382979
"CC015xCC018","41","3154x3609_41","10_13x","Influenza",15,7,88.1818181818182
"CC015xCC018","45","3154x3609_45","10_13x","Influenza",15,7,90.3225806451613
"CC015xCC018","138","3154x3609_138","2_14ii","Influenza",45,8,85.2941176470588
"CC015xCC018","139","3154x3609_139","2_14ii","Influenza",45,7,94.1860465116279
"CC011xCC042","97","3252x18042_97","7_13vii","Influenza",10,4,80.9312638580931
"CC011xCC042","134","3252x18042_134","7_13vii","Influenza",10,4,89.7609382047812
"CC011xCC042","137","3252x18042_137","7_13vii","Influenza",10,5,84.5356176735798
"CC011xCC042","92","3252x18042_92","7_13vii","Influenza",15,4,87.3480414227825
"CC011xCC042","93","3252x18042_93","7_13vii","Influenza",15,4,88.6385896180215
"CC011xCC042","123","3252x18042_123","7_13vii","Influenza",15,4,92.9957406530999
"CC011xCC042","67","3252x18042_67","7_13vii","Influenza",45,4,90.3294367693942
"CC011xCC042","78","3252x18042_78","7_13vii","Influenza",45,4,84.0317600352889
"CC011xCC042","96","3252x18042_96","7_13vii","Influenza",45,4,89.1642371234208
"CC011xCC032","42","3252x8002_42","11_13xi","Influenza",10,4,85.1985559566787
"CC011xCC032","43","3252x8002_43","11_13xi","Influenza",10,4,86.624203821656
"CC011xCC032","65","3252x8002_65","11_13xi","Influenza",10,3,92.8067700987306
"CC011xCC032","66","3252x8002_66","11_13xi","Influenza",10,4,90.7517309594461
"CC011xCC032","62","3252x8002_62","11_13xi","Influenza",15,9,92.9261862917399
"CC011xCC032","63","3252x8002_63","11_13xi","Influenza",15,9,90.8035299581979
"CC011xCC032","64","3252x8002_64","11_13xi","Influenza",15,4,98.7804878048781
"CC011xCC032","121","3252x8002_121","12_13xii","Influenza",45,9,97.704081632653
"CC011xCC032","122","3252x8002_122","12_13xii","Influenza",45,10,94.7712418300654
"CC011xCC032","128","3252x8002_128","12_13xii","Influenza",45,10,91.2524850894632
"CC075xCC021","65","3260x1566_65","12_15xii","Influenza",10,4,86.0986547085202
"CC075xCC021","69","3260x1566_69","12_15xii","Influenza",10,9,84.2857142857143
"CC075xCC021","70","3260x1566_70","12_15xii","Influenza",10,4,78.8461538461538
"CC075xCC021","71","3260x1566_71","12_15xii","Influenza",10,7,84.3137254901961
"CC075xCC021","77","3260x1566_77","12_15xii","Influenza",10,6,87.0786516853933
"CC075xCC021","78","3260x1566_78","12_15xii","Influenza",10,4,85.2941176470588
"CC075xCC021","85","3260x1566_85","12_15xii","Influenza",10,5,81.9047619047619
"CC075xCC021","86","3260x1566_86","12_15xii","Influenza",10,7,85.3535353535353
"CC075xCC021","87","3260x1566_87","12_15xii","Influenza",10,7,83.4170854271357
"CC075xCC021","4","3260x1566_4","11_15xi","Influenza",15,4,88.5714285714286
"CC075xCC021","5","3260x1566_5","11_15xi","Influenza",15,6,82.7102803738318
"CC075xCC021","6","3260x1566_6","11_15xi","Influenza",15,6,80.2752293577982
"CC075xCC021","79","3260x1566_79","12_15xii","Influenza",45,6,89.0710382513661
"CC075xCC021","80","3260x1566_80","12_15xii","Influenza",45,6,77.4193548387097
"CC075xCC021","81","3260x1566_81","12_15xii","Influenza",45,4,84.1176470588235
"CC075xCC021","88","3260x1566_88","12_15xii","Influenza",45,6,85.5491329479769
"CC075xCC021","89","3260x1566_89","12_15xii","Influenza",45,7,33.5106382978723
"CC075xCC035","1","3260x5035_1","6_15vi","Influenza",10,8,92.4170616113744
"CC075xCC035","2","3260x5035_2","6_15vi","Influenza",10,10,91.9431279620853
"CC075xCC035","5","3260x5035_5","6_15vi","Influenza",15,5,90.3846153846154
"CC075xCC035","21","3260x5035_21","6_15vi","Influenza",15,5,90.5829596412556
"CC075xCC035","22","3260x5035_22","6_15vi","Influenza",15,6,97.3214285714286
"CC075xCC035","29","3260x5035_29","6_15vi","Influenza",45,4,94.5054945054945
"CC075xCC035","43","3260x5035_43","6_15vi","Influenza",45,5,97.1563981042654
"CC075xCC035","52","3260x5035_52","6_15vi","Influenza",45,2,96.551724137931
"CC057xCC052","9","3393x8052_9","5_14v","Influenza",10,4,95
"CC057xCC052","10","3393x8052_10","5_14v","Influenza",10,4,90.6027527289986
"CC057xCC052","11","3393x8052_11","5_14v","Influenza",10,4,85.197234648231
"CC057xCC052","69","3393x8052_69","8_14viii","Influenza",15,4,93.5622317596567
"CC057xCC052","70","3393x8052_70","8_14viii","Influenza",15,4,92.1518987341772
"CC057xCC052","71","3393x8052_71","8_14viii","Influenza",15,9,96.375
"CC057xCC052","79","3393x8052_79","8_14viii","Influenza",45,4,97.7035490605428
"CC057xCC052","90","3393x8052_90","8_14viii","Influenza",45,4,93.2467532467532
"CC057xCC052","91","3393x8052_91","8_14viii","Influenza",45,4,99.2628992628993
"CC057xCC052","92","3393x8052_92","8_14viii","Influenza",45,7,95.4128440366973
"CC014xCC059","107","3415x16012_107","1_15i","Influenza",10,6,81.1475409836066
"CC014xCC059","108","3415x16012_108","1_15i","Influenza",10,6,77.3109243697479
"CC014xCC059","109","3415x16012_109","1_15i","Influenza",10,6,77.6649746192894
"CC014xCC059","110","3415x16012_110","1_15i","Influenza",10,6,82.1917808219178
"CC060xCC037","35","3460x16072_35","12_15xii","Influenza",10,4,90.2061855670103
"CC060xCC037","36","3460x16072_36","12_15xii","Influenza",10,4,89.1304347826087
"CC060xCC037","39","3460x16072_39","12_15xii","Influenza",10,4,93.1216931216931
"CC060xCC037","116","3460x16072_116","9_16ix","Influenza",15,3,81.4977973568282
"CC060xCC037","117","3460x16072_117","9_16ix","Influenza",15,3,82.2033898305085
"CC060xCC037","118","3460x16072_118","9_16ix","Influenza",15,3,76.7543859649123
"CC060xCC037","52","3460x16072_52","2_16ii","Influenza",45,5,96.3133640552995
"CC060xCC037","53","3460x16072_53","2_16ii","Influenza",45,7,89.2241379310345
"CC060xCC037","56","3460x16072_56","2_16ii","Influenza",45,5,98.5915492957747
"CC060xCC006","80","3460x16750_80","2_15ii","Influenza",10,1,97.6076555023923
"CC060xCC006","78","3460x16750_78","2_15ii","Influenza",15,4,87.2340425531915
"CC060xCC006","79","3460x16750_79","2_15ii","Influenza",15,14,88.9867841409692
"CC060xCC006","86","3460x16750_86","2_15ii","Influenza",15,4,87.4015748031496
"CC060xCC006","81","3460x16750_81","2_15ii","Influenza",45,4,94.0886699507389
"CC060xCC006","87","3460x16750_87","2_15ii","Influenza",45,15,94.8412698412698
"CC029xCC071","91","3564x16785_91","10_15x","Influenza",10,5,89.8936170212766
"CC029xCC071","98","3564x16785_98","10_15x","Influenza",10,5,91.7127071823204
"CC029xCC071","111","3564x16785_111","10_15x","Influenza",10,5,89.9470899470899
"CC029xCC071","118","3564x16785_118","11_15xi","Influenza",15,8,68.6695278969957
"CC029xCC071","122","3564x16785_122","11_15xi","Influenza",15,7,70.5882352941176
"CC029xCC071","123","3564x16785_123","11_15xi","Influenza",15,5,80.3108808290155
"CC029xCC071","124","3564x16785_124","11_15xi","Influenza",15,5,76.8361581920904
"CC029xCC071","137","3564x16785_137","12_15xii","Influenza",45,5,83.1578947368421
"CC029xCC071","141","3564x16785_141","12_15xii","Influenza",45,4,80.9248554913295
"CC029xCC027","2","3564x8027_2","3_15iii","Influenza",10,4,99.4413407821229
"CC029xCC027","16","3564x8027_16","3_15iii","Influenza",10,2,100
"CC029xCC027","20","3564x8027_20","3_15iii","Influenza",10,4,94.0119760479042
"CC029xCC027","9","3564x8027_9","3_15iii","Influenza",15,4,92.9292929292929
"CC029xCC027","18","3564x8027_18","3_15iii","Influenza",15,4,95.8974358974359
"CC029xCC027","25","3564x8027_25","3_15iii","Influenza",15,4,94.6428571428571
"CC029xCC027","47","3564x8027_47","3_15iii","Influenza",45,1,109.090909090909
"CC029xCC027","48","3564x8027_48","3_15iii","Influenza",45,4,101.863354037267
"CC029xCC027","53","3564x8027_53","3_15iii","Influenza",45,1,103.759398496241
"CC029xCC027","54","3564x8027_54","3_15iii","Influenza",45,4,96.2264150943396
"CC018xCC065","41","3609x5119_41","11_13xi","Influenza",10,4,95.6701030927835
"CC018xCC065","42","3609x5119_42","11_13xi","Influenza",10,4,94.2156862745098
"CC018xCC065","51","3609x5119_51","11_13xi","Influenza",10,8,92.0245398773006
"CC018xCC065","31","3609x5119_31","11_13xi","Influenza",15,8,89.2094017094017
"CC018xCC065","52","3609x5119_52","11_13xi","Influenza",15,5,84.7319978343259
"CC018xCC065","53","3609x5119_53","11_13xi","Influenza",15,3,96.0864485981308
"CC018xCC065","54","3609x5119_54","11_13xi","Influenza",15,4,93.7366548042705
"CC018xCC065","95","3609x5119_95","12_13xii","Influenza",45,4,98.7987987987988
"CC018xCC065","96","3609x5119_96","12_13xii","Influenza",45,1,96.0960960960961
"CC018xCC065","97","3609x5119_97","12_13xii","Influenza",45,6,90.9326424870466
"CC018xCC009","6","3609x5489_6","12_13xii","Influenza",10,9,94.3765281173594
"CC018xCC009","7","3609x5489_7","12_13xii","Influenza",10,9,89.2201834862385
"CC018xCC009","8","3609x5489_8","12_13xii","Influenza",10,10,91.7960088691796
"CC018xCC009","202","3609x5489_202","4_14iv","Influenza",15,9,85.9519408502773
"CC018xCC009","206","3609x5489_206","4_14iv","Influenza",15,7,85.0409836065574
"CC018xCC009","207","3609x5489_207","4_14iv","Influenza",15,7,91.959595959596
"CC018xCC009","5","3609x5489_5","12_13xii","Influenza",45,8,89.1891891891892
"CC018xCC009","36","3609x5489_36","12_13xii","Influenza",45,9,92.5601750547046
"CC018xCC009","39","3609x5489_39","12_13xii","Influenza",45,2,94.1176470588235
"CC018xCC009","44","3609x5489_44","12_13xii","Influenza",45,10,92.3645320197044
"CC018xCC009","64","3609x5489_64","12_13xii","Influenza",45,9,98.8505747126437
"CC018xCC009","65","3609x5489_65","12_13xii","Influenza",45,9,85.5263157894737
"CC044xCC060","85","4410x3460_85","3_15iii","Influenza",10,4,92.8934010152284
"CC044xCC060","86","4410x3460_86","3_15iii","Influenza",10,7,95.6284153005464
"CC044xCC060","87","4410x3460_87","3_15iii","Influenza",10,4,91.8367346938775
"CC044xCC060","88","4410x3460_88","3_15iii","Influenza",10,7,98.0295566502463
"CC044xCC060","104","4410x3460_104","4_15iv","Influenza",15,3,90.8571428571429
"CC044xCC060","105","4410x3460_105","4_15iv","Influenza",15,4,96.8911917098445
"CC044xCC060","110","4410x3460_110","4_15iv","Influenza",15,13,90.8108108108108
"CC044xCC060","51","4410x3460_51","2_15ii","Influenza",45,4,95.4545454545455
"CC044xCC060","59","4410x3460_59","2_15ii","Influenza",45,5,94.300518134715
"CC044xCC060","63","4410x3460_63","2_15ii","Influenza",45,3,98.4210526315789
"CC036xCC051","36","477x16912_36","6_14vi","Influenza",10,8,97.051597051597
"CC036xCC051","37","477x16912_37","6_14vi","Influenza",10,8,96.8888888888889
"CC036xCC051","38","477x16912_38","6_14vi","Influenza",10,9,91.9904076738609
"CC036xCC051","93","477x16912_93","7_14vii","Influenza",15,8,92.2633349351273
"CC036xCC051","107","477x16912_107","7_14vii","Influenza",15,8,89.6778916544656
"CC036xCC051","108","477x16912_108","7_14vii","Influenza",15,7,94.7558770343581
"CC036xCC051","92","477x16912_92","7_14vii","Influenza",45,7,90.4692791485244
"CC036xCC051","116","477x16912_116","7_14vii","Influenza",45,8,87.7354157096922
"CC036xCC051","117","477x16912_117","7_14vii","Influenza",45,7,92.7240461401952
"CC035xCC071","99","5035x16785_99","4_15iv","Influenza",10,8,84.0659340659341
"CC035xCC071","104","5035x16785_104","4_15iv","Influenza",10,8,92.093023255814
"CC035xCC071","111","5035x16785_111","4_15iv","Influenza",10,8,83.0687830687831
"CC035xCC071","85","5035x16785_85","4_15iv","Influenza",15,13,82.2916666666667
"CC035xCC071","92","5035x16785_92","4_15iv","Influenza",15,14,82.3834196891192
"CC035xCC071","98","5035x16785_98","4_15iv","Influenza",15,13,85.792349726776
"CC035xCC071","83","5035x16785_83","4_15iv","Influenza",45,15,79.3103448275862
"CC035xCC071","90","5035x16785_90","4_15iv","Influenza",45,15,76.1904761904762
"CC035xCC071","96","5035x16785_96","4_15iv","Influenza",45,15,78.5365853658537
"CC035xCC020","48","5035x8054_48","12_15xii","Influenza",45,12,102.285714285714
"CC035xCC020","49","5035x8054_49","12_15xii","Influenza",45,7,95.2054794520548
"CC035xCC020","50","5035x8054_50","12_15xii","Influenza",45,9,98.7730061349693
"CC035xCC020","56","5035x8054_56","12_15xii","Influenza",45,4,118.235294117647
"CC034xCC016","54","5080x8024_54","5_14v","Influenza",10,5,98.8829787234042
"CC034xCC016","55","5080x8024_55","5_14v","Influenza",10,8,90.6593406593407
"CC034xCC016","56","5080x8024_56","5_14v","Influenza",10,7,86.9356388088377
"CC034xCC016","35","5080x8024_35","4_14iv","Influenza",15,9,82.5552825552825
"CC034xCC016","36","5080x8024_36","4_14iv","Influenza",15,8,88.539104771274
"CC034xCC016","38","5080x8024_38","4_14iv","Influenza",15,8,78.3365570599613
"CC034xCC016","28","5080x8024_28","3_14iii","Influenza",45,7,89.196675900277
"CC034xCC016","29","5080x8024_29","3_14iii","Influenza",45,7,88.8888888888889
"CC034xCC016","30","5080x8024_30","3_14iii","Influenza",45,8,87.2
"CC034xCC016","31","5080x8024_31","3_14iii","Influenza",45,8,91.404011461318
"CC065xCC072","116","5119x16521_116","2_16ii","Influenza",10,4,85.2216748768473
"CC065xCC072","117","5119x16521_117","2_16ii","Influenza",10,4,80
"CC065xCC072","118","5119x16521_118","2_16ii","Influenza",10,4,78.4688995215311
"CC065xCC072","81","5119x16521_81","1_16i","Influenza",15,5,80.8873720136519
"CC065xCC072","82","5119x16521_82","1_16i","Influenza",15,5,82.2784810126582
"CC065xCC072","83","5119x16521_83","1_16i","Influenza",15,5,86.8243243243243
"CC065xCC072","84","5119x16521_84","1_16i","Influenza",15,5,84.2465753424658
"CC065xCC072","101","5119x16521_101","2_16ii","Influenza",15,5,82.6568265682657
"CC065xCC072","102","5119x16521_102","2_16ii","Influenza",15,5,77.9220779220779
"CC065xCC072","103","5119x16521_103","2_16ii","Influenza",15,5,78.8530465949821
"CC065xCC072","104","5119x16521_104","2_16ii","Influenza",15,4,81.9727891156463
"CC065xCC072","123","5119x16521_123","3_16iii","Influenza",45,7,87.1428571428571
"CC065xCC072","124","5119x16521_124","3_16iii","Influenza",45,5,79.0262172284644
"CC065xCC072","125","5119x16521_125","3_16iii","Influenza",45,5,76.9230769230769
"CC065xCC010","86","5119x8018_86","11_13xi","Influenza",10,5,92.7634774162215
"CC065xCC010","90","5119x8018_90","11_13xi","Influenza",10,10,70.7591377694471
"CC065xCC010","91","5119x8018_91","11_13xi","Influenza",10,8,78.2327586206897
"CC065xCC010","124","5119x8018_124","1_14i","Influenza",15,11,78.2798256044392
"CC065xCC010","125","5119x8018_125","1_14i","Influenza",15,8,91.6481892091648
"CC065xCC010","126","5119x8018_126","1_14i","Influenza",15,8,94.0174039158811
"CC065xCC010","81","5119x8018_81","11_13xi","Influenza",45,4,82.2972972972973
"CC065xCC010","87","5119x8018_87","11_13xi","Influenza",45,5,75.8474576271186
"CC065xCC010","88","5119x8018_88","11_13xi","Influenza",45,6,72.5988700564972
"CC062xCC072","52","5306x16521_52","12_15xii","Influenza",10,4,85.8369098712446
"CC062xCC072","53","5306x16521_53","12_15xii","Influenza",10,4,95
"CC062xCC072","58","5306x16521_58","12_15xii","Influenza",10,4,91.1627906976744
"CC062xCC072","59","5306x16521_59","12_15xii","Influenza",10,4,85.5855855855856
"CC062xCC072","60","5306x16521_60","12_15xii","Influenza",10,3,88.7029288702929
"CC062xCC072","81","5306x16521_81","1_16i","Influenza",15,7,93.2
"CC062xCC072","82","5306x16521_82","1_16i","Influenza",15,12,94.4
"CC062xCC072","83","5306x16521_83","1_16i","Influenza",15,12,90.0414937759336
"CC062xCC072","122","5306x16521_122","2_16ii","Influenza",15,5,100.374531835206
"CC062xCC072","130","5306x16521_130","2_16ii","Influenza",15,8,92.3387096774193
"CC062xCC072","131","5306x16521_131","2_16ii","Influenza",15,3,95.9349593495935
"CC062xCC072","47","5306x16521_47","12_15xii","Influenza",45,3,113.04347826087
"CC062xCC072","49","5306x16521_49","12_15xii","Influenza",45,4,117.010309278351
"CC062xCC072","50","5306x16521_50","12_15xii","Influenza",45,4,102.450980392157
"CC062xCC046","2","5306x5346_2","1_16i","Influenza",10,2,97.0954356846473
"CC062xCC046","3","5306x5346_3","1_16i","Influenza",10,5,92.0152091254753
"CC062xCC046","4","5306x5346_4","1_16i","Influenza",10,6,93.8271604938272
"CC062xCC046","5","5306x5346_5","1_16i","Influenza",10,6,89.8039215686274
"CC062xCC046","56","5306x5346_56","4_16iv","Influenza",45,7,95.3781512605042
"CC062xCC046","57","5306x5346_57","4_16iv","Influenza",45,11,95.3703703703704
"CC062xCC046","58","5306x5346_58","4_16iv","Influenza",45,10,90.8695652173913
"CC062xCC046","59","5306x5346_59","4_16iv","Influenza",45,1,96.4
"CC046xCC068","108","5346x16768_108","11_14xi","Influenza",10,10,90.3061224489796
"CC046xCC068","116","5346x16768_116","11_14xi","Influenza",10,7,95.2879581151832
"CC046xCC068","131","5346x16768_131","11_14xi","Influenza",10,7,97.737556561086
"CC046xCC068","183","5346x16768_183","1_15i","Influenza",10,6,95.6043956043956
"CC046xCC068","184","5346x16768_184","1_15i","Influenza",10,6,93.2642487046632
"CC046xCC068","185","5346x16768_185","1_15i","Influenza",10,4,96.3414634146341
"CC046xCC068","186","5346x16768_186","1_15i","Influenza",10,6,91.2820512820513
"CC046xCC068","187","5346x16768_187","1_15i","Influenza",10,8,91.7098445595855
"CC046xCC068","89","5346x16768_89","10_14x","Influenza",15,13,91.4772727272727
"CC046xCC068","95","5346x16768_95","10_14x","Influenza",15,5,96.4705882352941
"CC046xCC068","101","5346x16768_101","10_14x","Influenza",15,7,93.1937172774869
"CC046xCC068","149","5346x16768_149","11_14xi","Influenza",45,13,91.7721518987342
"CC046xCC068","150","5346x16768_150","11_14xi","Influenza",45,13,92.3976608187134
"CC046xCC068","151","5346x16768_151","11_14xi","Influenza",45,5,94.2857142857143
"CC058xCC022","29","5358x8046_29","5_15v","Influenza",10,8,97.3958333333333
"CC058xCC022","30","5358x8046_30","5_15v","Influenza",10,5,79.0322580645161
"CC058xCC022","37","5358x8046_37","5_15v","Influenza",10,8,66.8341708542714
"CC058xCC022","38","5358x8046_38","5_15v","Influenza",10,8,69.7435897435897
"CC058xCC022","98","5358x8046_98","8_15viii","Influenza",15,7,73.5135135135135
"CC058xCC022","99","5358x8046_99","8_15viii","Influenza",15,9,69.5652173913044
"CC058xCC022","101","5358x8046_101","8_15viii","Influenza",15,8,79.7235023041475
"CC058xCC022","102","5358x8046_102","8_15viii","Influenza",15,8,79.4117647058824
"CC058xCC022","77","5358x8046_77","7_15vii","Influenza",45,7,74.3119266055046
"CC058xCC022","78","5358x8046_78","7_15vii","Influenza",45,7,74.0384615384615
"CC058xCC022","83","5358x8046_83","7_15vii","Influenza",45,6,74.1935483870968
"CC063xCC001","74","5391x13140_74","9_16ix","Influenza",15,5,102.450980392157
"CC063xCC001","77","5391x13140_77","9_16ix","Influenza",15,13,103.921568627451
"CC063xCC001","78","5391x13140_78","9_16ix","Influenza",15,3,107.5
"CC063xCC001","24","5391x13140_24","11_15xi","Influenza",45,5,87.192118226601
"CC063xCC001","25","5391x13140_25","11_15xi","Influenza",45,4,84.688995215311
"CC063xCC001","29","5391x13140_29","11_15xi","Influenza",45,4,85.9375
"CC063xCC002","8","5391x15156_8","6_14vi","Influenza",10,2,98.9473684210526
"CC063xCC002","9","5391x15156_9","6_14vi","Influenza",10,3,99.0291262135922
"CC063xCC002","10","5391x15156_10","6_14vi","Influenza",10,9,94.5496535796767
"CC063xCC002","11","5391x15156_11","6_14vi","Influenza",10,3,92.7152317880795
"CC063xCC002","130","5391x15156_130","9_16ix","Influenza",15,5,98.2456140350877
"CC063xCC002","130","5391x15156_130","9_16ix","Influenza",15,2,93.801652892562
"CC063xCC002","104","5391x15156_104","11_15xi","Influenza",45,7,94.7368421052632
"CC063xCC002","108","5391x15156_108","11_15xi","Influenza",45,3,91.2442396313364
"CC063xCC002","109","5391x15156_109","11_15xi","Influenza",45,3,94.0909090909091
"CC009xCC040","1","5489x16557_1","12_13xii","Influenza",10,10,75.992438563327
"CC009xCC040","9","5489x16557_9","12_13xii","Influenza",10,7,85.2189781021898
"CC009xCC040","10 (read 11)","5489x16557_10 (read 11)","12_13xii","Influenza",10,7,74.390243902439
"CC009xCC040","74","5489x16557_74","3_14iii","Influenza",15,10,69.9544764795144
"CC009xCC040","75","5489x16557_75","3_14iii","Influenza",15,10,76.4065335753176
"CC009xCC040","77","5489x16557_77","3_14iii","Influenza",15,10,74.3636363636364
"CC009xCC040","78","5489x16557_78","3_14iii","Influenza",15,10,83.5384615384615
"CC009xCC040","14","5489x16557_14","12_13xii","Influenza",45,10,91.2343470483005
"CC009xCC040","24","5489x16557_24","12_13xii","Influenza",45,9,71.4025500910747
"CC009xCC040","25","5489x16557_25","12_13xii","Influenza",45,9,70.3984819734345
"CC032xCC017","95","8002x3032_95","8_13viii","Influenza",10,8,93.9148073022312
"CC032xCC017","100","8002x3032_100","8_13viii","Influenza",10,7,88.953488372093
"CC032xCC017","101","8002x3032_101","8_13viii","Influenza",10,1,94.2460317460317
"CC032xCC017","13","8002x3032_13","8_13viii","Influenza",15,8,78.6852589641434
"CC032xCC017","14","8002x3032_14","8_13viii","Influenza",15,7,86.1003861003861
"CC032xCC017","39","8002x3032_39","8_13viii","Influenza",15,9,85.3658536585366
"CC032xCC017","9","8002x3032_9","8_13viii","Influenza",45,7,87.0967741935484
"CC032xCC017","21","8002x3032_21","8_13viii","Influenza",45,7,90.9722222222222
"CC032xCC017","22","8002x3032_22","8_13viii","Influenza",45,7,90.6976744186046
"CC032xCC013","1","8002x8010_1","12_13xii","Influenza",10,2,96.8819599109131
"CC032xCC013","2","8002x8010_2","12_13xii","Influenza",10,9,92.798353909465
"CC032xCC013","3","8002x8010_3","12_13xii","Influenza",10,6,94.6169772256729
"CC032xCC013","12","8002x8010_12","12_13xii","Influenza",10,8,95.5598455598456
"CC032xCC013","87","8002x8010_87","1_14i","Influenza",10,2,98.1328701693443
"CC032xCC013","88","8002x8010_88","1_14i","Influenza",10,9,97.8600089166295
"CC032xCC013","89","8002x8010_89","1_14i","Influenza",10,4,97.8043912175649
"CC032xCC013","76","8002x8010_76","1_14i","Influenza",15,13,89.213300892133
"CC032xCC013","77","8002x8010_77","1_14i","Influenza",15,13,93.5267857142857
"CC032xCC013","78","8002x8010_78","1_14i","Influenza",15,12,97.0049172999553
"CC024xCC023","151","8004x8043_151","10_13x","Influenza",10,8,93.0591259640103
"CC024xCC023","152","8004x8043_152","10_13x","Influenza",10,4,97.3429951690821
"CC024xCC023","153","8004x8043_153","10_13x","Influenza",10,4,91.1483253588517
"CC024xCC023","136","8004x8043_136","9_13ix","Influenza",15,5,91.4473684210526
"CC024xCC023","137","8004x8043_137","9_13ix","Influenza",15,9,86.5475070555033
"CC024xCC023","138","8004x8043_138","9_13ix","Influenza",15,13,88.7521968365554
"CC024xCC023","18","8004x8043_18","7_13vii","Influenza",45,2,98.3254615714899
"CC024xCC023","24","8004x8043_24","7_13vii","Influenza",45,8,93.4977578475336
"CC024xCC023","47","8004x8043_47","7_13vii","Influenza",45,5,98.4602917341977
"CC024xCC023","155","8004x8043_155","10_13x","Influenza",45,1,94.0898345153664
"CC024xCC023","156","8004x8043_156","10_13x","Influenza",45,13,96.8369829683698
"CC024xCC023","157","8004x8043_157","10_13x","Influenza",45,1,97.0660146699267
"CC024xCC052","68","8004x8052_68","10_15x","Influenza",15,7,83.0409356725146
"CC024xCC052","75","8004x8052_75","10_15x","Influenza",15,7,76.6355140186916
"CC024xCC052","54","8004x8052_54","10_15x","Influenza",45,8,85.2459016393443
"CC024xCC052","59","8004x8052_59","10_15x","Influenza",45,8,75.1152073732719
"CC024xCC052","60","8004x8052_60","10_15x","Influenza",45,8,76.5432098765432
"CC012xCC032","156","8005x8002_156","10_13x","Influenza",10,7,87.5816993464052
"CC012xCC032","170","8005x8002_170","10_13x","Influenza",10,8,76.5864332603939
"CC012xCC032","171","8005x8002_171","10_13x","Influenza",10,7,90.9650924024641
"CC012xCC032","110","8005x8002_110","9_13ix","Influenza",15,7,74.6223564954683
"CC012xCC032","111","8005x8002_111","9_13ix","Influenza",15,3,94.4162436548223
"CC012xCC032","116","8005x8002_116","9_13ix","Influenza",15,7,79.1016548463357
"CC012xCC032","147","8005x8002_147","10_13x","Influenza",45,6,94.0528634361234
"CC012xCC032","148","8005x8002_148","10_13x","Influenza",45,11,92.6078028747433
"CC012xCC032","149","8005x8002_149","10_13x","Influenza",45,13,86.4988558352403
"CC012xCC038","112","8005x8049_112","9_15ix","Influenza",10,7,94.3820224719101
"CC012xCC038","122","8005x8049_122","9_15ix","Influenza",10,9,80.5263157894737
"CC012xCC038","133","8005x8049_133","9_15ix","Influenza",10,7,83.1325301204819
"CC012xCC038","134","8005x8049_134","9_15ix","Influenza",10,7,88.8888888888889
"CC012xCC038","135","8005x8049_135","9_15ix","Influenza",10,7,87.8787878787879
"CC012xCC038","123","8005x8049_123","9_15ix","Influenza",15,14,46.2311557788945
"CC012xCC038","136","8005x8049_136","9_15ix","Influenza",15,7,84.9397590361446
"CC012xCC038","137","8005x8049_137","9_15ix","Influenza",15,7,81.0975609756098
"CC012xCC038","111","8005x8049_111","9_15ix","Influenza",45,8,86.6666666666667
"CC012xCC038","117","8005x8049_117","9_15ix","Influenza",45,8,73.0569948186528
"CC012xCC038","128","8005x8049_128","9_15ix","Influenza",45,7,93.2203389830509
"CC025xCC028","96","8008x8016_96","1_14i","Influenza",10,4,96.3425925925926
"CC025xCC028","97","8008x8016_97","1_14i","Influenza",10,7,97.8965819456617
"CC025xCC028","98","8008x8016_98","1_14i","Influenza",10,7,89.5716140199048
"CC025xCC028","99","8008x8016_99","1_14i","Influenza",10,7,88.5167464114833
"CC025xCC028","167","8008x8016_167","5_14v","Influenza",15,11,84.9450132726583
"CC025xCC028","168","8008x8016_168","5_14v","Influenza",15,6,83.710407239819
"CC025xCC028","169","8008x8016_169","5_14v","Influenza",15,11,85.9922178988327
"CC025xCC028","170","8008x8016_170","5_14v","Influenza",15,11,87.218045112782
"CC025xCC028","224","8008x8016_224","1_15i","Influenza",45,4,90.6666666666667
"CC025xCC028","230","8008x8016_230","1_15i","Influenza",45,4,87.551867219917
"CC025xCC028","231","8008x8016_231","1_15i","Influenza",45,4,87.0535714285714
"CC013xCC041","138","8010x16441_138","1_14i","Influenza",10,2,94.9053201082056
"CC013xCC041","139","8010x16441_139","1_14i","Influenza",10,2,103.48162475822
"CC013xCC041","146","8010x16441_146","1_14i","Influenza",10,2,96.9010175763182
"CC013xCC041","147","8010x16441_147","1_14i","Influenza",10,2,99.8975409836066
"CC013xCC041","267","8010x16441_267","5_15v","Influenza",10,3,98.0487804878049
"CC013xCC041","271","8010x16441_271","5_15v","Influenza",10,3,97.9591836734694
"CC013xCC041","272","8010x16441_272","5_15v","Influenza",10,3,94.7368421052632
"CC013xCC041","279","8010x16441_279","5_15v","Influenza",10,3,96.7592592592592
"CC013xCC041","150","8010x16441_150","3_14iii","Influenza",15,2,91.0815939278937
"CC013xCC041","152","8010x16441_152","3_14iii","Influenza",15,9,94.3089430894309
"CC013xCC041","153","8010x16441_153","3_14iii","Influenza",15,7,97.7777777777778
"CC013xCC041","254","8010x16441_254","5_15v","Influenza",15,8,91.6317991631799
"CC013xCC041","258","8010x16441_258","5_15v","Influenza",15,3,95.8333333333333
"CC013xCC041","259","8010x16441_259","5_15v","Influenza",15,3,98.1735159817352
"CC013xCC041","124","8010x16441_124","1_14i","Influenza",45,13,95.1576576576577
"CC013xCC041","125","8010x16441_125","1_14i","Influenza",45,4,98.8352745424293
"CC013xCC041","126","8010x16441_126","1_14i","Influenza",45,4,95.9558823529412
"CC013xCC041","311","8010x16441_311","7_15vii","Influenza",45,3,95.0819672131148
"CC013xCC041","312","8010x16441_312","7_15vii","Influenza",45,4,96.1206896551724
"CC013xCC041","316","8010x16441_316","7_15vii","Influenza",45,3,100.492610837438
"CC013xCC026","4","8010x8026_4","1_16i","Influenza",10,9,90.9433962264151
"CC013xCC026","5","8010x8026_5","1_16i","Influenza",10,9,94.2748091603053
"CC013xCC026","6","8010x8026_6","1_16i","Influenza",10,6,95.5223880597015
"CC013xCC026","7","8010x8026_7","1_16i","Influenza",10,6,96.551724137931
"CC013xCC026","12","8010x8026_12","1_16i","Influenza",10,3,94.7791164658635
"CC013xCC026","33","8010x8026_33","4_16iv","Influenza",45,14,97.3977695167286
"CC013xCC026","34","8010x8026_34","4_16iv","Influenza",45,15,96.309963099631
"CC013xCC026","37","8010x8026_37","4_16iv","Influenza",45,13,91.9191919191919
"CC013xCC026","38","8010x8026_38","4_16iv","Influenza",45,5,93.040293040293
"CC028xCC024","2","8016x8004_2","4_15iv","Influenza",10,10,95.6937799043062
"CC028xCC024","10","8016x8004_10","4_15iv","Influenza",10,8,88.7445887445887
"CC028xCC024","11","8016x8004_11","4_15iv","Influenza",10,8,91.025641025641
"CC028xCC024","30","8016x8004_30","4_15iv","Influenza",15,5,86.2348178137652
"CC028xCC024","31","8016x8004_31","4_15iv","Influenza",15,8,89.4957983193277
"CC028xCC024","35","8016x8004_35","4_15iv","Influenza",15,5,95.0530035335689
"CC028xCC024","36","8016x8004_36","4_15iv","Influenza",15,7,92.6666666666667
"CC028xCC024","97","8016x8004_97","6_15vi","Influenza",45,10,95.4918032786885
"CC028xCC024","98","8016x8004_98","6_15vi","Influenza",45,4,96.3503649635037
"CC028xCC024","99","8016x8004_99","6_15vi","Influenza",45,10,95.910780669145
"CC028xCC030","227","8016x8034_227","1_14i","Influenza",10,4,98.4268859492313
"CC028xCC030","228","8016x8034_228","1_14i","Influenza",10,2,97.2511453561016
"CC028xCC030","229","8016x8034_229","1_14i","Influenza",10,7,94.0737833594976
"CC028xCC030","230","8016x8034_230","1_14i","Influenza",10,2,94.5830363506771
"CC028xCC030","231","8016x8034_231","1_14i","Influenza",10,2,98.1867283950617
"CC028xCC030","269","8016x8034_269","7_16vii","Influenza",15,7,96
"CC028xCC030","270","8016x8034_270","7_16vii","Influenza",15,4,94.9367088607595
"CC028xCC030","271","8016x8034_271","7_16vii","Influenza",15,4,92.741935483871
"CC028xCC030","284","8016x8034_284","9_16ix","Influenza",15,4,95.4166666666667
"CC028xCC030","285","8016x8034_285","9_16ix","Influenza",15,7,94.6188340807175
"CC028xCC030","286","8016x8034_286","9_16ix","Influenza",15,8,89.406779661017
"CC028xCC030","31","8016x8034_31","11_12ii","Influenza",45,2,92.0152091254753
"CC028xCC030","37","8016x8034_37","11_12ii","Influenza",45,2,89.3790849673203
"CC028xCC030","39","8016x8034_39","11_12ii","Influenza",45,4,88.212927756654
"CC028xCC030","41","8016x8034_41","11_12ii","Influenza",45,3,97.9910714285714
"CC028xCC030","42","8016x8034_42","11_12ii","Influenza",45,1,94.1176470588235
"CC028xCC030","234","8016x8034_234","1_14i","Influenza",45,15,93.909626719057
"CC028xCC030","235","8016x8034_235","1_14i","Influenza",45,14,89.1428571428571
"CC028xCC030","241","8016x8034_241","1_14i","Influenza",45,2,98.5942991019133
"CC028xCC030","252","8016x8034_252","1_14i","Influenza",45,3,90.5827865688923
"CC028xCC030","253","8016x8034_253","1_14i","Influenza",45,4,92.0708561788275
"CC010xCC015","95","8018x3154_95","4_14iv","Influenza",10,9,90.5678085405913
"CC010xCC015","96","8018x3154_96","4_14iv","Influenza",10,10,73.8636363636364
"CC010xCC015","97","8018x3154_97","4_14iv","Influenza",10,8,85.8078602620087
"CC010xCC015","108","8018x3154_108","4_14iv","Influenza",15,9,78.0540077153879
"CC010xCC015","109","8018x3154_109","4_14iv","Influenza",15,11,73.4490238611714
"CC010xCC015","112","8018x3154_112","4_14iv","Influenza",15,9,70.4491725768322
"CC010xCC015","7","8018x3154_7","10_13x","Influenza",45,10,77.7777777777778
"CC010xCC015","12","8018x3154_12","10_13x","Influenza",45,8,83.1381733021077
"CC010xCC015","17","8018x3154_17","10_13x","Influenza",45,8,93.2166301969365
"CC010xCC015","18","8018x3154_18","10_13x","Influenza",45,10,72.3595505617978
"CC010xCC060","7","8018x3460_7","10_15x","Influenza",10,1,93.5943060498221
"CC010xCC060","9","8018x3460_9","10_15x","Influenza",10,8,90.1098901098901
"CC010xCC060","11","8018x3460_11","10_15x","Influenza",10,9,91.6349809885932
"CC010xCC060","113","8018x3460_113","6_16vi","Influenza",15,9,91.9282511210762
"CC010xCC060","114","8018x3460_114","6_16vi","Influenza",15,9,87.3362445414847
"CC010xCC060","115","8018x3460_115","6_16vi","Influenza",15,7,91.044776119403
"CC010xCC060","33","8018x3460_33","12_15xii","Influenza",45,9,88.339222614841
"CC010xCC060","34","8018x3460_34","12_15xii","Influenza",45,3,93.1159420289855
"CC010xCC060","38","8018x3460_38","12_15xii","Influenza",45,4,94.1176470588235
"CC010xCC060","40","8018x3460_40","12_15xii","Influenza",45,4,92.1739130434783
"CC043xCC037","89","8021x16072_89","11_14xi","Influenza",10,10,69
"CC043xCC037","96","8021x16072_96","11_14xi","Influenza",10,7,86.9791666666667
"CC043xCC037","104","8021x16072_104","11_14xi","Influenza",10,8,86.734693877551
"CC043xCC037","161","8021x16072_161","1_15i","Influenza",10,7,91.5789473684211
"CC043xCC037","162","8021x16072_162","1_15i","Influenza",10,8,85.8536585365854
"CC043xCC037","165","8021x16072_165","1_15i","Influenza",10,8,91.0891089108911
"CC043xCC037","166","8021x16072_166","1_15i","Influenza",10,9,89.1191709844559
"CC043xCC037","168","8021x16072_168","1_15i","Influenza",10,8,92.6966292134831
"CC043xCC037","169","8021x16072_169","1_15i","Influenza",10,8,92.5742574257426
"CC043xCC037","170","8021x16072_170","1_15i","Influenza",10,7,92.0454545454545
"CC043xCC037","30","8021x16072_30","10_14x","Influenza",15,7,94.2708333333333
"CC043xCC037","31","8021x16072_31","10_14x","Influenza",15,8,92.3076923076923
"CC043xCC037","32","8021x16072_32","10_14x","Influenza",15,7,88.2629107981221
"CC043xCC037","50","8021x16072_50","10_14x","Influenza",45,7,93.8461538461538
"CC043xCC037","52","8021x16072_52","10_14x","Influenza",45,9,89.1891891891892
"CC043xCC033","117","8021x8033_117","9_15ix","Influenza",10,7,81.1881188118812
"CC043xCC033","120","8021x8033_120","9_15ix","Influenza",10,7,87.434554973822
"CC043xCC033","121","8021x8033_121","9_15ix","Influenza",10,9,82.2222222222222
"CC043xCC033","92","8021x8033_92","9_15ix","Influenza",15,9,80.5687203791469
"CC043xCC033","97","8021x8033_97","9_15ix","Influenza",15,7,82.9059829059829
"CC043xCC033","125","8021x8033_125","10_15x","Influenza",45,7,89.5454545454545
"CC043xCC033","126","8021x8033_126","10_15x","Influenza",45,7,85.1351351351351
"CC043xCC033","128","8021x8033_128","10_15x","Influenza",45,7,86.3207547169811
"CC043xCC033","129","8021x8033_129","10_15x","Influenza",45,7,95.260663507109
"CC016xCC061","62","8024x8048_62","6_15vi","Influenza",10,8,77.4725274725275
"CC016xCC061","63","8024x8048_63","6_15vi","Influenza",10,6,84.1584158415842
"CC016xCC061","70","8024x8048_70","6_15vi","Influenza",10,7,92.2018348623853
"CC016xCC061","38","8024x8048_38","5_15v","Influenza",15,10,81.3559322033898
"CC016xCC061","39","8024x8048_39","5_15v","Influenza",15,8,80.8612440191388
"CC016xCC061","44","8024x8048_44","5_15v","Influenza",15,4,89.6174863387978
"CC016xCC061","60","8024x8048_60","6_15vi","Influenza",45,6,86.2745098039216
"CC016xCC061","61","8024x8048_61","6_15vi","Influenza",45,7,84.6153846153846
"CC016xCC061","66","8024x8048_66","6_15vi","Influenza",45,7,88.6255924170616
"CC016xCC038","92","8024x8049_92","8_14viii","Influenza",10,4,88.1159420289855
"CC016xCC038","93","8024x8049_93","8_14viii","Influenza",10,7,89.6373056994819
"CC016xCC038","109","8024x8049_109","8_14viii","Influenza",10,5,88.395061728395
"CC016xCC038","106","8024x8049_106","8_14viii","Influenza",15,6,87.0229007633588
"CC016xCC038","107","8024x8049_107","8_14viii","Influenza",15,8,89.4915254237288
"CC016xCC038","108","8024x8049_108","8_14viii","Influenza",15,8,91.5706806282722
"CC016xCC038","104","8024x8049_104","8_14viii","Influenza",45,8,95.873786407767
"CC016xCC038","105","8024x8049_105","8_14viii","Influenza",45,9,75.2161383285303
"CC016xCC038","126","8024x8049_126","8_14viii","Influenza",45,4,91.8918918918919
"CC016xCC038","127","8024x8049_127","8_14viii","Influenza",45,6,90.4761904761905
"CC016xCC038","128","8024x8049_128","8_14viii","Influenza",45,4,97.1181556195965
"CC016xCC038","129","8024x8049_129","8_14viii","Influenza",45,8,89.6866096866097
"CC026xCC042","35","8026x18042_35","1_13i","Influenza",15,4,89.8373983739837
"CC026xCC042","38","8026x18042_38","1_13i","Influenza",15,4,92.0086393088553
"CC026xCC042","47","8026x18042_47","1_13i","Influenza",15,5,85.8333333333333
"CC026xCC042","60","8026x18042_60","1_13i","Influenza",15,4,86.6812227074236
"CC026xCC042","6","8026x18042_6","11_12ii","Influenza",45,1,94.9450549450549
"CC026xCC042","7","8026x18042_7","11_12ii","Influenza",45,11,70.2272727272727
"CC026xCC042","8","8026x18042_8","11_12ii","Influenza",45,9,86.6520787746171
"CC026xCC034","1","8026x5080_1","2_14ii","Influenza",10,9,96.1995249406176
"CC026xCC034","2","8026x5080_2","2_14ii","Influenza",10,7,90.7514450867052
"CC026xCC034","19","8026x5080_19","2_14ii","Influenza",10,8,94.7368421052632
"CC026xCC034","20","8026x5080_20","2_14ii","Influenza",10,4,89.2972972972973
"CC026xCC034","49","8026x5080_49","2_14ii","Influenza",15,8,87.0786516853933
"CC026xCC034","52","8026x5080_52","2_14ii","Influenza",15,8,92.462311557789
"CC026xCC034","53","8026x5080_53","2_14ii","Influenza",15,7,88.7179487179487
"CC026xCC034","28","8026x5080_28","1_14i","Influenza",45,7,86.7208672086721
"CC026xCC034","29","8026x5080_29","1_14i","Influenza",45,4,91.2322274881517
"CC026xCC034","33","8026x5080_33","1_14i","Influenza",45,7,87.0229007633588
"CC026xCC034","34","8026x5080_34","1_14i","Influenza",45,4,88.0239520958084
"CC027xCC036","48","8027x477_48","2_16ii","Influenza",10,2,97.2067039106145
"CC027xCC036","54","8027x477_54","2_16ii","Influenza",10,2,97.1428571428571
"CC027xCC036","57","8027x477_57","2_16ii","Influenza",10,1,97.1830985915493
"CC027xCC036","34","8027x477_34","2_16ii","Influenza",15,4,95.6756756756757
"CC027xCC036","35","8027x477_35","2_16ii","Influenza",15,6,95.6756756756757
"CC027xCC036","42","8027x477_42","2_16ii","Influenza",15,4,93.3962264150943
"CC027xCC036","110","8027x477_110","3_16iii","Influenza",45,3,91.8032786885246
"CC027xCC036","111","8027x477_111","3_16iii","Influenza",45,2,94.6236559139785
"CC027xCC036","115","8027x477_115","3_16iii","Influenza",45,2,92.7461139896373
"CC027xCC045","90","8027x8045_90","5_15v","Influenza",10,4,89.9038461538461
"CC027xCC045","91","8027x8045_91","5_15v","Influenza",10,4,94.1463414634146
"CC027xCC045","97","8027x8045_97","5_15v","Influenza",10,4,86.0215053763441
"CC027xCC045","98","8027x8045_98","5_15v","Influenza",10,4,92.5531914893617
"CC027xCC045","99","8027x8045_99","5_15v","Influenza",10,3,92.3913043478261
"CC027xCC045","104","8027x8045_104","5_15v","Influenza",15,4,85.792349726776
"CC027xCC045","105","8027x8045_105","5_15v","Influenza",15,4,91.3461538461538
"CC027xCC045","109","8027x8045_109","5_15v","Influenza",15,4,93.6893203883495
"CC027xCC045","138","8027x8045_138","7_15vii","Influenza",45,9,92.156862745098
"CC027xCC045","139","8027x8045_139","7_15vii","Influenza",45,5,81.7391304347826
"CC027xCC045","141","8027x8045_141","7_15vii","Influenza",45,4,91.3461538461538
"CC033xCC068","4","8033x16768_4","8_15viii","Influenza",10,7,91.4893617021277
"CC033xCC068","9","8033x16768_9","8_15viii","Influenza",10,4,98.2142857142857
"CC033xCC068","14","8033x16768_14","8_15viii","Influenza",10,6,93.1192660550459
"CC033xCC068","6","8033x16768_6","8_15viii","Influenza",15,4,98.0392156862745
"CC033xCC068","11","8033x16768_11","8_15viii","Influenza",15,14,93.3054393305439
"CC033xCC068","16","8033x16768_16","8_15viii","Influenza",15,1,103.317535545024
"CC033xCC068","49","8033x16768_49","9_15ix","Influenza",45,7,86.3813229571984
"CC033xCC068","50","8033x16768_50","9_15ix","Influenza",45,7,80.9045226130653
"CC033xCC068","51","8033x16768_51","9_15ix","Influenza",45,3,102.304147465438
"CC033xCC046","118","8033x5346_118","3_15iii","Influenza",10,7,91.9491525423729
"CC033xCC046","124","8033x5346_124","3_15iii","Influenza",10,7,90.6666666666667
"CC033xCC046","127","8033x5346_127","3_15iii","Influenza",10,7,88.1081081081081
"CC033xCC046","141","8033x5346_141","4_15iv","Influenza",15,7,93.9814814814815
"CC033xCC046","142","8033x5346_142","4_15iv","Influenza",15,8,85.5855855855856
"CC033xCC046","144","8033x5346_144","4_15iv","Influenza",15,8,90.9090909090909
"CC033xCC046","145","8033x5346_145","4_15iv","Influenza",15,7,92.1658986175115
"CC033xCC046","29","8033x5346_29","10_14x","Influenza",45,7,86.2068965517241
"CC033xCC046","34","8033x5346_34","10_14x","Influenza",45,7,87.7551020408163
"CC033xCC046","38","8033x5346_38","10_14x","Influenza",45,6,96.6346153846154
"CC030xCC023","36","8034x8043_36","4_15iv","Influenza",10,4,91.304347826087
"CC030xCC023","46","8034x8043_46","4_15iv","Influenza",10,4,92.1787709497207
"CC030xCC023","47","8034x8043_47","4_15iv","Influenza",10,4,93.0131004366812
"CC030xCC023","104","8034x8043_104","6_15vi","Influenza",15,4,102.33918128655
"CC030xCC023","105","8034x8043_105","6_15vi","Influenza",15,2,99.4791666666667
"CC030xCC023","107","8034x8043_107","6_15vi","Influenza",15,8,89.1191709844559
"CC030xCC023","89","8034x8043_89","6_15vi","Influenza",45,8,94.3661971830986
"CC030xCC023","96","8034x8043_96","6_15vi","Influenza",45,2,98.5221674876847
"CC030xCC023","97","8034x8043_97","6_15vi","Influenza",45,2,96.5174129353234
"CC030xCC023","123","8034x8043_123","7_15vii","Influenza",45,1,98.1308411214953
"CC030xCC023","124","8034x8043_124","7_15vii","Influenza",45,7,96.2264150943396
"CC030xCC023","125","8034x8043_125","7_15vii","Influenza",45,3,96.9072164948454
"CC030xCC023","129","8034x8043_129","7_15vii","Influenza",45,9,97.1264367816092
"CC030xCC061","75","8034x8048_75","2_14ii","Influenza",10,9,95.2127659574468
"CC030xCC061","77","8034x8048_77","2_14ii","Influenza",10,8,96.6587112171838
"CC030xCC061","78","8034x8048_78","2_14ii","Influenza",10,2,102.328767123288
"CC030xCC061","155","8034x8048_155","3_14iii","Influenza",15,8,99.4579945799458
"CC030xCC061","156","8034x8048_156","3_14iii","Influenza",15,10,97.027027027027
"CC030xCC061","165","8034x8048_165","3_14iii","Influenza",15,2,94.2211055276382
"CC030xCC061","145","8034x8048_145","3_14iii","Influenza",45,3,90.9319899244332
"CC030xCC061","146","8034x8048_146","3_14iii","Influenza",45,10,103.2
"CC030xCC061","147","8034x8048_147","3_14iii","Influenza",45,10,97.6127320954907
"CC030xCC061","148","8034x8048_148","3_14iii","Influenza",45,10,97.9695431472081
"CC008xCC018","3","8036x3609_3","8_15viii","Influenza",10,7,83.4905660377358
"CC008xCC018","7","8036x3609_7","8_15viii","Influenza",10,9,97.1014492753623
"CC008xCC018","8","8036x3609_8","8_15viii","Influenza",10,9,76.8115942028986
"CC008xCC018","98","8036x3609_98","12_15xii","Influenza",10,5,84.2364532019704
"CC008xCC018","99","8036x3609_99","12_15xii","Influenza",10,6,76.6519823788546
"CC008xCC018","101","8036x3609_101","12_15xii","Influenza",10,7,86.5384615384615
"CC008xCC018","102","8036x3609_102","12_15xii","Influenza",10,6,82.2429906542056
"CC008xCC018","107","8036x3609_107","1_16i","Influenza",15,6,81.8532818532819
"CC008xCC018","109","8036x3609_109","1_16i","Influenza",15,5,81.3432835820896
"CC008xCC018","112","8036x3609_112","1_16i","Influenza",15,8,81.1320754716981
"CC008xCC018","128","8036x3609_128","2_16ii","Influenza",15,9,81.1538461538462
"CC008xCC018","132","8036x3609_132","2_16ii","Influenza",15,3,90.9090909090909
"CC008xCC018","135","8036x3609_135","2_16ii","Influenza",15,6,81.2749003984064
"CC008xCC018","136","8036x3609_136","2_16ii","Influenza",15,8,88.655462184874
"CC008xCC018","51","8036x3609_51","11_15xi","Influenza",45,5,85.4330708661417
"CC008xCC018","52","8036x3609_52","11_15xi","Influenza",45,8,81.4814814814815
"CC008xCC018","53","8036x3609_53","11_15xi","Influenza",45,7,96.2162162162162
"CC008xCC009","20","8036x5489_20","3_16iii","Influenza",10,8,78.448275862069
"CC008xCC009","21","8036x5489_21","3_16iii","Influenza",10,9,68.75
"CC008xCC009","27","8036x5489_27","3_16iii","Influenza",10,10,72.4409448818898
"CC008xCC009","7","8036x5489_7","3_16iii","Influenza",15,7,81.2
"CC008xCC009","18","8036x5489_18","3_16iii","Influenza",15,5,77.3755656108597
"CC008xCC009","19","8036x5489_19","3_16iii","Influenza",15,7,82.6666666666667
"CC008xCC009","86","8036x5489_86","6_16vi","Influenza",45,7,79.0874524714829
"CC008xCC009","87","8036x5489_87","6_16vi","Influenza",45,8,81.1447811447811
"CC008xCC009","90","8036x5489_90","6_16vi","Influenza",45,7,80
"CC008xCC010","78","8036x8018_78","4_15iv","Influenza",10,10,73.7704918032787
"CC008xCC010","79","8036x8018_79","4_15iv","Influenza",10,5,92.8825622775801
"CC008xCC010","82","8036x8018_82","4_15iv","Influenza",10,10,74.2138364779874
"CC008xCC010","57","8036x8018_57","3_15iii","Influenza",15,9,71.2177121771218
"CC008xCC010","61","8036x8018_61","3_15iii","Influenza",15,9,71.4776632302406
"CC008xCC010","62","8036x8018_62","3_15iii","Influenza",15,9,72.6618705035971
"CC008xCC010","83","8036x8018_83","4_15iv","Influenza",45,10,72.6027397260274
"CC008xCC010","84","8036x8018_84","4_15iv","Influenza",45,11,72.3684210526316
"CC008xCC010","86","8036x8018_86","4_15iv","Influenza",45,10,77.8523489932886
"CC008xCC010","91","8036x8018_91","4_15iv","Influenza",45,12,87.9629629629629
"CC023xCC025","98","8043x8008_98","5_14v","Influenza",10,3,100.698689956332
"CC023xCC025","99","8043x8008_99","5_14v","Influenza",10,7,95.2198852772466
"CC023xCC025","100","8043x8008_100","5_14v","Influenza",10,7,92.3585295332507
"CC023xCC025","101","8043x8008_101","5_14v","Influenza",10,7,96.5608465608466
"CC023xCC025","102","8043x8008_102","5_14v","Influenza",15,3,98.0099502487562
"CC023xCC025","106","8043x8008_106","5_14v","Influenza",15,7,91.2220309810671
"CC023xCC025","107","8043x8008_107","5_14v","Influenza",15,6,92.9067077872012
"CC023xCC025","108","8043x8008_108","5_14v","Influenza",15,3,93.5815147625161
"CC023xCC025","28","8043x8008_28","2_14ii","Influenza",45,9,99.5515695067265
"CC023xCC025","29","8043x8008_29","2_14ii","Influenza",45,5,94.327731092437
"CC023xCC025","31","8043x8008_31","2_14ii","Influenza",45,1,99.5348837209302
"CC045xCC044","59","8045x4410_59","3_15iii","Influenza",10,3,97.3958333333333
"CC045xCC044","83","8045x4410_83","3_15iii","Influenza",10,4,91.6666666666667
"CC045xCC044","172","8045x4410_172","7_16vii","Influenza",10,2,86.8020304568528
"CC045xCC044","173","8045x4410_173","7_16vii","Influenza",10,7,95.5801104972376
"CC045xCC044","174","8045x4410_174","7_16vii","Influenza",10,4,95.4802259887006
"CC045xCC044","28","8045x4410_28","2_15ii","Influenza",15,7,88.0829015544041
"CC045xCC044","29","8045x4410_29","2_15ii","Influenza",15,5,89.375
"CC045xCC044","36","8045x4410_36","2_15ii","Influenza",15,4,85.6410256410256
"CC045xCC044","144","8045x4410_144","7_16vii","Influenza",15,7,95.1086956521739
"CC045xCC044","145","8045x4410_145","7_16vii","Influenza",15,4,93.2960893854749
"CC045xCC044","146","8045x4410_146","7_16vii","Influenza",15,4,87.3563218390805
"CC045xCC044","150","8045x4410_150","7_16vii","Influenza",15,10,92.3076923076923
"CC045xCC044","40","8045x4410_40","3_15iii","Influenza",45,4,92.7777777777778
"CC045xCC044","58","8045x4410_58","3_15iii","Influenza",45,5,94.2528735632184
"CC045xCC044","63","8045x4410_63","3_15iii","Influenza",45,2,98.2558139534884
"CC045xCC044","77","8045x4410_77","3_15iii","Influenza",45,4,83.8541666666667
"CC022xCC044","24","8046x4410_24","2_16ii","Influenza",10,4,90.1234567901235
"CC022xCC044","25","8046x4410_25","2_16ii","Influenza",10,4,88.7323943661972
"CC022xCC044","41","8046x4410_41","2_16ii","Influenza",10,1,93.8271604938272
"CC022xCC044","56","8046x4410_56","3_16iii","Influenza",15,4,94.3502824858757
"CC022xCC044","62","8046x4410_62","3_16iii","Influenza",15,4,91.156462585034
"CC022xCC044","66","8046x4410_66","3_16iii","Influenza",15,4,98.6754966887417
"CC022xCC044","54","8046x4410_54","3_16iii","Influenza",45,4,86.2857142857143
"CC022xCC044","55","8046x4410_55","3_16iii","Influenza",45,4,93.9393939393939
"CC022xCC044","61","8046x4410_61","3_16iii","Influenza",45,4,88.4353741496599
"CC022xCC044","65","8046x4410_65","3_16iii","Influenza",45,4,96.3636363636364
"CC022xCC024","8","8046x8004_8","3_15iii","Influenza",10,6,74.1379310344828
"CC022xCC024","9","8046x8004_9","3_15iii","Influenza",10,4,71.5
"CC022xCC024","29","8046x8004_29","3_15iii","Influenza",15,7,87.5
"CC022xCC024","31","8046x8004_31","3_15iii","Influenza",15,6,73.8219895287958
"CC022xCC024","35","8046x8004_35","3_15iii","Influenza",15,6,75.4285714285714
"CC022xCC024","76","8046x8004_76","5_15v","Influenza",45,8,91.9491525423729
"CC022xCC024","77","8046x8004_77","5_15v","Influenza",45,8,70.6467661691542
"CC022xCC024","78","8046x8004_78","5_15v","Influenza",45,7,72.8571428571429
"CC022xCC024","79","8046x8004_79","5_15v","Influenza",45,8,74
"CC022xCC024","82","8046x8004_82","5_15v","Influenza",45,10,68.5567010309278
"CC022xCC024","83","8046x8004_83","5_15v","Influenza",45,8,70.7920792079208
"CC022xCC024","87","8046x8004_87","5_15v","Influenza",45,10,70.4433497536946
"CC061xCC039","97","8048x15155_97","6_14vi","Influenza",10,7,90.9604519774011
"CC061xCC039","108","8048x15155_108","6_14vi","Influenza",10,2,99.1735537190083
"CC061xCC039","118","8048x15155_118","6_14vi","Influenza",10,1,99.6960486322188
"CC061xCC039","21","8048x15155_21","5_14v","Influenza",15,10,92.6660059464817
"CC061xCC039","24","8048x15155_24","5_14v","Influenza",15,13,97.3118279569892
"CC061xCC039","25","8048x15155_25","5_14v","Influenza",15,7,98.4669811320755
"CC061xCC039","7","8048x15155_7","5_14v","Influenza",45,11,98.6990950226244
"CC061xCC039","31","8048x15155_31","5_14v","Influenza",45,11,94.8186528497409
"CC061xCC039","32","8048x15155_32","5_14v","Influenza",45,13,92.8571428571429
"CC061xCC025","61","8048x8008_61","8_15viii","Influenza",10,8,73.0392156862745
"CC061xCC025","62","8048x8008_62","8_15viii","Influenza",10,7,90.625
"CC061xCC025","63","8048x8008_63","8_15viii","Influenza",10,7,80
"CC061xCC025","64","8048x8008_64","8_15viii","Influenza",10,7,93.3333333333333
"CC061xCC025","31","8048x8008_31","7_15vii","Influenza",15,6,78.7735849056604
"CC061xCC025","40","8048x8008_40","7_15vii","Influenza",15,7,83.9285714285714
"CC061xCC025","41","8048x8008_41","7_15vii","Influenza",15,7,82.2485207100592
"CC061xCC025","106","8048x8008_106","9_15ix","Influenza",45,7,93.9024390243902
"CC061xCC025","107","8048x8008_107","9_15ix","Influenza",45,7,80.4347826086957
"CC061xCC025","108","8048x8008_108","9_15ix","Influenza",45,9,88.0829015544041
"CC061xCC026","64","8048x8026_64","2_14ii","Influenza",10,7,91.3636363636364
"CC061xCC026","65","8048x8026_65","2_14ii","Influenza",10,8,92.4170616113744
"CC061xCC026","66","8048x8026_66","2_14ii","Influenza",10,7,84.375
"CC061xCC026","32","8048x8026_32","2_14ii","Influenza",15,11,94.5504087193461
"CC061xCC026","33","8048x8026_33","2_14ii","Influenza",15,13,94.5137157107232
"CC061xCC026","41","8048x8026_41","2_14ii","Influenza",15,7,92.8921568627451
"CC061xCC026","52","8048x8026_52","2_14ii","Influenza",45,15,92.4390243902439
"CC061xCC026","53","8048x8026_53","2_14ii","Influenza",45,7,92.1621621621622
"CC038xCC013","1","8049x8010_1","4_14iv","Influenza",10,9,96.69099756691
"CC038xCC013","7","8049x8010_7","4_14iv","Influenza",10,8,91.0087719298246
"CC038xCC013","24","8049x8010_24","4_14iv","Influenza",10,7,93.953488372093
"CC038xCC013","2","8049x8010_2","4_14iv","Influenza",15,7,90.9352517985611
"CC038xCC013","3","8049x8010_3","4_14iv","Influenza",15,7,93.7115839243499
"CC038xCC013","4","8049x8010_4","4_14iv","Influenza",15,7,96.7810026385224
"CC038xCC013","11","8049x8010_11","4_14iv","Influenza",45,3,96.4028776978417
"CC038xCC013","12","8049x8010_12","4_14iv","Influenza",45,10,94.1935483870968
"CC052xCC007","82","8052x13421_82","12_15xii","Influenza",10,10,78.494623655914
"CC052xCC007","83","8052x13421_83","12_15xii","Influenza",10,6,77.7777777777778
"CC052xCC007","84","8052x13421_84","12_15xii","Influenza",10,2,97.1153846153846
"CC052xCC007","85","8052x13421_85","12_15xii","Influenza",10,6,82.051282051282
"CC052xCC007","30","8052x13421_30","10_15x","Influenza",15,1,98.9247311827957
"CC052xCC007","39","8052x13421_39","10_15x","Influenza",15,7,96.0591133004926
"CC052xCC007","40","8052x13421_40","10_15x","Influenza",15,8,83.6448598130841
"CC052xCC007","78","8052x13421_78","12_15xii","Influenza",45,6,78.3783783783784
"CC052xCC007","80","8052x13421_80","12_15xii","Influenza",45,7,73.9336492890995
"CC052xCC007","81","8052x13421_81","12_15xii","Influenza",45,7,70.935960591133
"CC052xCC014","78","8052x3415_78","8_14viii","Influenza",10,9,80.4455445544555
"CC052xCC014","79","8052x3415_79","8_14viii","Influenza",10,4,97.7886977886978
"CC052xCC014","80","8052x3415_80","8_14viii","Influenza",10,9,76.4075067024129
"CC052xCC014","68","8052x3415_68","8_14viii","Influenza",15,1,102.941176470588
"CC052xCC014","69","8052x3415_69","8_14viii","Influenza",15,8,77.8132118451025
"CC052xCC014","82","8052x3415_82","8_14viii","Influenza",15,9,77.5743707093822
"CC052xCC014","2","8052x3415_2","5_14v","Influenza",45,8,83.3193629505448
"CC052xCC014","3","8052x3415_3","5_14v","Influenza",45,10,75.8605664488017
"CC052xCC014","4","8052x3415_4","5_14v","Influenza",45,8,87.4601003191974
"CC020xCC008","43","8054x8036_43","1_15i","Influenza",10,10,74.7330960854092
"CC020xCC008","44","8054x8036_44","1_15i","Influenza",10,10,69.53125
"CC020xCC008","45","8054x8036_45","1_15i","Influenza",10,2,65.7407407407407
"CC020xCC008","128","8054x8036_128","7_15vii","Influenza",15,9,68.780487804878
"CC020xCC008","129","8054x8036_129","7_15vii","Influenza",15,9,76.1467889908257
"CC020xCC008","134","8054x8036_134","7_15vii","Influenza",15,8,69.6969696969697
"CC020xCC008","138","8054x8036_138","7_15vii","Influenza",15,9,71.8875502008032
"CC020xCC008","48","8054x8036_48","3_15iii","Influenza",45,8,72.9411764705882
"CC020xCC008","49","8054x8036_49","3_15iii","Influenza",45,7,74.6153846153846
"CC020xCC008","50","8054x8036_50","3_15iii","Influenza",45,8,73.0923694779116
"CC056xCC033","146","8056x8033_146","9_15ix","Influenza",10,3,97.2375690607735
"CC056xCC033","151","8056x8033_151","9_15ix","Influenza",10,4,95.9798994974875
"CC056xCC033","155","8056x8033_155","9_15ix","Influenza",10,3,96.969696969697
"CC056xCC033","65","8056x8033_65","11_14xi","Influenza",15,7,94.4444444444444
"CC056xCC033","66","8056x8033_66","11_14xi","Influenza",15,2,97.4226804123711
"CC056xCC033","69","8056x8033_69","11_14xi","Influenza",15,13,89.6396396396396
"CC056xCC033","70","8056x8033_70","11_14xi","Influenza",15,4,94.3965517241379
"CC056xCC033","71","8056x8033_71","11_14xi","Influenza",15,2,94.0092165898618
"CC056xCC033","159","8056x8033_159","10_15x","Influenza",45,3,94.2477876106195
"CC056xCC033","160","8056x8033_160","10_15x","Influenza",45,4,98.9847715736041
"CC056xCC033","161","8056x8033_161","10_15x","Influenza",45,2,94.6666666666667
"CC056xCC033","162","8056x8033_162","10_15x","Influenza",45,1,97.5369458128079
