"","RIX","day","IgG1","IgG2ac","IgG2b","IgG3","IgM","TotalG"
"1","CC001xCC055","d7_d10",5.09151041752918,7.46418498131652,6.02010147521141,5.17320307132335,4.46411223765507,7.99400920424613
"2","CC001xCC055","d10_d15",7.18742551146273,9.22367014176674,10.1021288252162,6.38080197926795,5.25992108680985,10.8682619892921
"3","CC001xCC055","d15_d45",NA,NA,NA,NA,NA,NA
"4","CC001xCC074","d7_d10",6.99401291463437,7.43649334266417,5.6794371048135,5.2739640626681,5.61260573636351,9.52414320972195
"5","CC001xCC074","d10_d15",6.63810874664526,6.09919456756116,7.63964057718064,6.35488194750496,4.40761956521824,NA
"6","CC001xCC074","d15_d45",6.1894440682911,7.18979354090606,7.28574563648937,3.95420982005801,5.06327407849927,NA
"7","CC002xCC011","d7_d10",5.17844288977431,7.45484263787186,6.75788749222757,5.36859518841115,5.61494938192069,6.57644046990982
"8","CC002xCC011","d10_d15",5.34945699181903,6.34759428771986,5.26331589695214,7.63696825403603,4.54672094207756,7.93196770790766
"9","CC002xCC011","d15_d45",8.60478804999501,8.0628822718113,8.71305012634125,3.15624729496868,4.85900165805548,7.66438182416919
"10","CC002xCC021","d7_d10",6.10283483885166,6.349711803735,6.92256211652807,6.61722607379018,4.85444315575942,NA
"11","CC002xCC021","d10_d15",5.99476324499203,6.74089028601283,3.68927312631418,4.75694633654554,5.48277889885979,NA
"12","CC002xCC021","d15_d45",7.18004292576965,6.80317472916745,8.18570060716995,5.39650148448241,4.54613857578808,6.26818678269908
"13","CC003xCC051","d7_d10",5.05172069476028,7.34355436436616,6.32143591007245,5.76035617512039,5.0077936995197,8.4742104364738
"14","CC003xCC051","d10_d15",5.47763731482028,5.64092856139789,6.29087142761725,6.07301391806163,5.14287251498682,5.58961282751628
"15","CC003xCC051","d15_d45",8.27975252066015,11.39816060194,11.3082764401683,5.07946493993024,4.84347765823788,11.9396395207495
"16","CC003xCC062","d7_d10",NA,NA,NA,NA,NA,NA
"17","CC003xCC062","d10_d15",NA,NA,NA,NA,NA,NA
"18","CC003xCC062","d15_d45",7.59499735057881,14.479254435586,14.0535493914559,9.5966920159259,5.98831963070662,11.9197096056296
"19","CC004xCC011","d7_d10",5.06611116895333,6.60535633385985,5.1880495662309,5.2652978603794,6.09933262896878,NA
"20","CC004xCC011","d10_d15",5.92600368282685,8.13090421484739,7.15300922754946,7.46132919164471,4.47976142559194,NA
"21","CC004xCC011","d15_d45",5.60382435385604,3.82670053688251,4.46821804831246,2.97557249145702,4.25409498757473,NA
"22","CC004xCC012","d7_d10",4.99805817028549,5.55767489529856,5.54056183870258,5.12134115822624,5.17907227696571,8.36426519023142
"23","CC004xCC012","d10_d15",5.94024964092737,12.0944122099427,10.769400513856,10.6305601423737,6.17082286042973,10.6228703047901
"24","CC004xCC012","d15_d45",9.12550262339611,7.06458022996407,7.43222661283943,3.40373107457638,3.65056248499752,6.72518291833271
"25","CC005xCC001","d7_d10",NA,NA,NA,NA,NA,NA
"26","CC005xCC001","d10_d15",NA,NA,NA,NA,NA,NA
"27","CC005xCC001","d15_d45",3.83968327753115,8.59056342791158,9.05918537321509,6.18021169636353,4.85687396180647,8.09194232742165
"28","CC005xCC020","d7_d10",NA,NA,NA,NA,NA,NA
"29","CC005xCC020","d10_d15",NA,NA,NA,NA,NA,NA
"30","CC005xCC020","d15_d45",NA,NA,NA,NA,NA,NA
"31","CC005xCC038","d7_d10",NA,NA,NA,NA,NA,NA
"32","CC005xCC038","d10_d15",NA,NA,NA,NA,NA,NA
"33","CC005xCC038","d15_d45",NA,NA,NA,NA,NA,NA
"34","CC005xCC040","d7_d10",7.00483506994467,8.25365744463341,7.44426990617662,5.62593533124395,5.449213805954,10.0949031742103
"35","CC005xCC040","d10_d15",4.68790348204074,5.65374845082184,3.81032469451245,4.60823732404096,4.51657421146666,4.48019089219081
"36","CC005xCC040","d15_d45",4.690766554861,7.23995858798131,7.48793847232633,5.35328284824657,4.87381380358592,7.17428959002797
"37","CC006xCC007","d7_d10",5.19109051515252,6.87736024860089,6.22074438272892,6.20636028661673,4.15030190237633,7.22674387262977
"38","CC006xCC007","d10_d15",8.68787403338239,5.81617028276878,4.97496207968927,4.37637078370157,4.5417759893478,7.21861178480436
"39","CC006xCC007","d15_d45",1.36246780550487,6.13905912002702,5.23914143590077,4.43421268807621,4.75418752941224,5.00121278141535
"40","CC006xCC039","d7_d10",5.46403306762501,7.83687511482798,5.8535669704152,6.20344950100673,5.63895176921084,8.17303412718157
"41","CC006xCC039","d10_d15",NA,NA,NA,NA,NA,NA
"42","CC006xCC039","d15_d45",NA,NA,NA,NA,NA,NA
"43","CC007xCC070","d7_d10",5.60441062060787,6.57398356948962,7.17951649447364,5.30055639208044,5.01953912796776,8.13047612064847
"44","CC007xCC070","d10_d15",7.30570290807422,7.14897742958843,3.77782030255973,4.77193601255679,4.76748076893785,6.49367538529761
"45","CC007xCC070","d15_d45",8.66652199233794,5.82881624224405,8.67110616121388,6.34967784506714,4.82399268903854,8.01507001339711
"46","CC007xCC075","d7_d10",7.32147946695115,7.28104953127589,6.26815942000954,5.81398372688147,6.07064359460438,9.01082898385502
"47","CC007xCC075","d10_d15",NA,NA,NA,NA,NA,NA
"48","CC007xCC075","d15_d45",NA,NA,NA,NA,NA,NA
"49","CC008xCC018","d7_d10",5.54436312456567,8.23298326616885,6.5396805240893,6.61164516752622,5.38739983229149,8.84544747084889
"50","CC008xCC018","d10_d15",NA,NA,NA,NA,NA,NA
"51","CC008xCC018","d15_d45",NA,NA,NA,NA,NA,NA
"52","CC009xCC040","d7_d10",5.90944020148115,11.6185005745704,10.0894443345278,7.18844242320441,6.28238135013444,9.31988456588812
"53","CC009xCC040","d10_d15",6.89718627171446,5.61529551506042,5.95372913775767,5.85606372891461,4.45772351372824,7.75336570085186
"54","CC009xCC040","d15_d45",7.23946886067755,6.98393555525786,5.65262021871807,3.3726788016361,4.13364607504495,7.14516833787762
"55","CC010xCC015","d7_d10",4.94389089916923,8.05379451407673,6.8598606929866,5.15140108535377,6.96055797665395,7.57435459981789
"56","CC010xCC015","d10_d15",5.75322525935897,7.04245326971622,7.36219609393926,6.35715805835401,3.89808172802586,6.44036248278041
"57","CC010xCC015","d15_d45",8.99749689907429,6.75683832986145,5.07826264376213,4.1131285986329,4.22451125758148,7.06124136825819
"58","CC011xCC032","d7_d10",5.25352230969104,6.73238168151984,5.8483146204607,5.59516783848182,5.31926661330805,7.7362368793039
"59","CC011xCC032","d10_d15",4.49766451999216,6.49148419248123,5.12983365338161,4.45538641863868,5.32778046095642,5.75901063386843
"60","CC011xCC032","d15_d45",9.33475525105028,9.66004813807906,7.8942769955677,5.39703333824563,5.80360810266808,10.0733997202845
"61","CC011xNA","d7_d10",NA,NA,NA,NA,NA,NA
"62","CC011xNA","d10_d15",NA,NA,NA,NA,NA,NA
"63","CC011xNA","d15_d45",NA,NA,NA,NA,NA,NA
"64","CC012xCC032","d7_d10",5.30602977720001,9.52894886166505,8.56277242182382,7.93279152014504,7.07279856292945,9.76457672968325
"65","CC012xCC032","d10_d15",6.30186139309309,6.82514154327222,7.01405602104161,5.4523012464613,3.35782222547192,8.05290853200296
"66","CC012xCC032","d15_d45",5.31309179525018,7.1816453190608,6.25878844421134,2.95447979100587,4.55422795692314,5.70719544507495
"67","CC012xCC038","d7_d10",6.62678118585754,8.39541574678305,7.55851507093216,5.87396062856372,6.16791192974914,10.2589599818052
"68","CC012xCC038","d10_d15",7.87965187755973,8.22046807276936,6.56911782913532,6.44488089644329,5.17175509223534,7.64486964653022
"69","CC012xCC038","d15_d45",8.56906779179966,7.12199664455213,7.6860237051427,4.08950446674985,2.97015274910829,6.6567312007415
"70","CC013xCC026","d7_d10",NA,NA,NA,NA,NA,NA
"71","CC013xCC026","d10_d15",NA,NA,NA,NA,NA,NA
"72","CC013xCC026","d15_d45",NA,NA,NA,NA,NA,NA
"73","CC013xCC041","d7_d10",5.03075502221212,6.08958716202619,5.76668885154019,5.1349610487839,5.01291572882844,6.74630994629861
"74","CC013xCC041","d10_d15",5.25240219389765,6.23365816444079,5.73721305570131,5.17001067540216,5.01040273526469,6.24956095423555
"75","CC013xCC041","d15_d45",6.30475363145887,8.76872679024674,8.46469332157795,5.50084615450275,4.93417790094481,9.15180386947998
"76","CC014xCC059","d7_d10",NA,NA,NA,NA,NA,NA
"77","CC014xCC059","d10_d15",NA,NA,NA,NA,NA,NA
"78","CC014xCC059","d15_d45",NA,NA,NA,NA,NA,NA
"79","CC015xCC018","d7_d10",5.90647288841889,10.2385417628268,8.43678189167762,8.24113406893582,7.38645775732583,7.97924341720967
"80","CC015xCC018","d10_d15",NA,7.54098405704509,7.3527427567566,NA,NA,9.17454502506132
"81","CC015xCC018","d15_d45",NA,6.00991482807425,5.88024268672078,NA,NA,5.98659252342135
"82","CC015xCC059","d7_d10",5.26439128192263,7.14315232939668,6.04075554973555,6.08909539851859,4.98802145084509,7.41531004427326
"83","CC015xCC059","d10_d15",NA,NA,5.49652252430816,4.46259606103779,5.04944544971043,7.27406561217338
"84","CC015xCC059","d15_d45",NA,NA,7.65999941227793,4.7287859705353,NA,8.27687280903658
"85","CC016xCC038","d7_d10",5.82171091231472,10.5032088869182,8.85208123827844,8.18884653274646,5.72234493633255,11.3632801927794
"86","CC016xCC038","d10_d15",8.09861227524236,2.21306337178229,3.34987190345816,4.70659623844506,2.93242092794458,5.50836529479512
"87","CC016xCC038","d15_d45",7.09476556546607,12.4482232572658,12.449836208808,8.81823130811296,4.98518796816913,8.77236527161762
"88","CC016xCC061","d7_d10",NA,NA,NA,NA,NA,NA
"89","CC016xCC061","d10_d15",6.98896087034356,7.83736176181416,5.44825893337388,6.94422504937734,4.89965117173966,8.55887456869962
"90","CC016xCC061","d15_d45",4.3799055822344,6.8626865913853,6.97104213142208,3.70596111753502,4.98538195677597,7.36853191949064
"91","CC017xCC004","d7_d10",8.73730670724159,11.0146144502331,8.76631169192933,8.26240254877512,7.26694642996017,11.8741404769516
"92","CC017xCC004","d10_d15",4.25378172817685,4.49195033629772,4.57980806523177,2.98633794479031,2.49508329612348,NA
"93","CC017xCC004","d15_d45",6.76598546652908,8.21405391145114,6.9885087513311,6.19096644287918,4.71568553182875,NA
"94","CC017xCC041","d7_d10",5.11712573537602,6.52229715344547,5.42268318431782,5.04699457229731,5.33150985749432,8.0415395630653
"95","CC017xCC041","d10_d15",6.5469922994577,9.47773220416873,8.72983357651836,8.6109601797597,4.78522033067471,6.6383588928198
"96","CC017xCC041","d15_d45",11.1049106603871,8.11390734653295,9.73368774415519,4.44755500809173,5.07237751358108,9.30598949439623
"97","CC018xCC009","d7_d10",5.41023738480577,10.36701834735,8.46668104691432,5.39453327297113,6.35944991169896,9.78495892888936
"98","CC018xCC009","d10_d15",7.33351206982076,8.35640464420746,7.70792075542443,10.8117157990278,4.00374862334198,9.99060162455402
"99","CC018xCC009","d15_d45",5.94784267739945,5.6225900824454,6.25433082733457,1.20433695990507,4.44821136961362,5.91208896701119
"100","CC018xCC065","d7_d10",5.35709807741493,9.60601341415606,6.41250143792608,5.55310962415904,6.72253386583197,10.7666464843388
"101","CC018xCC065","d10_d15",7.19183020202522,7.99621027052945,9.06717754638188,7.56601075135816,3.78280034551839,5.36151291860213
"102","CC018xCC065","d15_d45",5.98105897068438,6.74495486587849,3.4557564316332,2.60210775004546,4.61171148162059,7.9823244962454
"103","CC019xCC002","d7_d10",6.66508575370108,8.03952766309985,7.5471506631986,6.30933294168637,6.19051693774021,9.06026691875369
"104","CC019xCC002","d10_d15",6.00052136690278,8.3195939500699,6.49618614335741,8.14977606217626,4.80017301435754,6.9607177170948
"105","CC019xCC002","d15_d45",6.38048176309409,8.60311369086505,9.9154208418103,3.5845528005266,3.94197317294601,9.57193946412286
"106","CC019xCC004","d7_d10",4.7513703726962,7.79658078731827,5.48444057718064,4.93209511647081,6.11749462085883,9.19146551437487
"107","CC019xCC004","d10_d15",7.82868148322764,9.88200623812745,10.5627222911742,10.8378645552869,4.43381328783996,8.36179895019255
"108","CC019xCC004","d15_d45",4.52512680639552,7.10162352549317,4.27480073766862,2.64334066334006,4.07984724187233,8.25959144068725
"109","CC019xCC027","d7_d10",5.61888889231473,7.69449236607979,6.04000085098543,5.52520082642258,6.2447398841658,8.83189043736065
"110","CC019xCC027","d10_d15",NA,NA,NA,NA,NA,NA
"111","CC019xCC027","d15_d45",NA,NA,NA,NA,NA,NA
"112","CC020xCC008","d7_d10",5.17452370514269,5.32240579234183,5.48615478891458,5.1540714625345,5.27708901130012,5.24883225548639
"113","CC020xCC008","d10_d15",8.37310826153334,7.08644709273099,6.77223741287042,5.50503610597142,4.6695394476386,9.82264818488705
"114","CC020xCC008","d15_d45",6.42399235533538,12.3711247180423,10.984111024372,7.32261116444364,4.83091720364982,9.75138912572552
"115","CC021xCC023","d7_d10",5.02310200718162,5.53700914811682,5.21851093095738,5.01550819593174,4.93064243469251,5.75335003302727
"116","CC021xCC023","d10_d15",6.39912775175316,5.46422468992728,5.60374267744978,5.61774356423456,5.0246598341155,7.91084891295754
"117","CC021xCC023","d15_d45",3.67208492498591,9.20851239657067,7.96188045407866,5.47897546934058,4.91906187835599,7.3034540747506
"118","CC021xCC032","d7_d10",NA,NA,NA,NA,NA,NA
"119","CC021xCC032","d10_d15",NA,NA,NA,NA,NA,NA
"120","CC021xCC032","d15_d45",NA,NA,NA,NA,NA,NA
"121","CC022xCC024","d7_d10",NA,NA,NA,NA,NA,NA
"122","CC022xCC024","d10_d15",NA,NA,NA,NA,NA,NA
"123","CC022xCC024","d15_d45",4.6052384487462,7.64601508010252,7.282079165772,2.2499664660567,4.69515180644584,6.94826796447083
"124","CC022xCC044","d7_d10",4.97685041565485,6.28555711793382,5.33913931703929,5.07639054448048,6.08087698161086,7.10502993606528
"125","CC022xCC044","d10_d15",NA,NA,NA,NA,NA,NA
"126","CC022xCC044","d15_d45",NA,NA,NA,NA,NA,NA
"127","CC023xCC025","d7_d10",5.78904250593753,9.94444807529848,6.74609621648934,7.57146152036676,5.52843226019738,10.2593714160914
"128","CC023xCC025","d10_d15",4.32431212567327,3.62926463902788,4.66056289581556,2.97131774725912,4.5526265964139,3.5562793547932
"129","CC023xCC025","d15_d45",5.3070008824009,9.1579143473462,8.8890906075882,5.44239513701801,4.98826567515529,9.32679149427233
"130","CC024xCC023","d7_d10",5.01656061821463,8.95462178706731,5.77693543861542,5.47105520429264,5.17232286970073,NA
"131","CC024xCC023","d10_d15",5.16769603780994,7.14113328695313,7.61350439696568,5.87456477212108,5.50724519773249,9.97048874768308
"132","CC024xCC023","d15_d45",5.56211821649906,4.02997681574202,4.24485039917895,4.6657753292438,4.31043053787,7.00564284290221
"133","CC024xCC052","d7_d10",NA,NA,NA,NA,NA,NA
"134","CC024xCC052","d10_d15",NA,NA,NA,NA,NA,NA
"135","CC024xCC052","d15_d45",12.1648776678108,9.03994725134463,10.2592474800947,4.93076087251033,2.9949649819014,9.3482981988439
"136","CC025xCC028","d7_d10",5.10794455829015,7.86036936012376,5.92296648034065,6.08128124281329,5.28439285941707,9.74885819149753
"137","CC025xCC028","d10_d15",5.13410926239122,7.62629906219952,7.54890471900459,5.86901108261777,4.34332045666368,6.29662819965526
"138","CC025xCC028","d15_d45",10.4769652507075,8.4757002710232,5.7748848831154,4.76487367007446,4.95302400382795,8.10042265503326
"139","CC026xCC034","d7_d10",5.38463163710512,6.80959963636736,5.71902056882163,5.21380539792419,5.78464906922826,6.83367072285009
"140","CC026xCC034","d10_d15",5.30247252665107,7.69500442954001,5.85900487756789,4.85568634625996,4.23688287381733,7.00780645040167
"141","CC026xCC034","d15_d45",6.16408595196813,8.25308114236992,6.9897425608073,5.52941568447662,4.79745355900465,8.48220638273394
"142","CC027xCC036","d7_d10",5.26823890629673,7.23547626291203,6.17619928162829,5.11260615169125,5.14479562243188,7.60146937410576
"143","CC027xCC036","d10_d15",NA,NA,NA,NA,NA,NA
"144","CC027xCC036","d15_d45",NA,NA,NA,NA,NA,NA
"145","CC027xCC045","d7_d10",5.23266952891034,7.04908360170106,6.85018107019249,6.03925340280942,5.58974189705904,8.69124119905839
"146","CC027xCC045","d10_d15",7.10834406741432,7.70051102241716,4.73000834517372,4.79074461890398,3.8130040382414,6.90045519394355
"147","CC027xCC045","d15_d45",8.38670501766468,7.72575333740911,6.44759458640512,5.64759163663654,NA,7.3827769955677
"148","CC028xCC024","d7_d10",5.49940554966006,8.91553531100765,7.28395127521863,5.87938115701942,5.8488045754123,9.49985492208957
"149","CC028xCC024","d10_d15",4.95495385305441,7.05478195212788,6.03530706180452,6.18006052146177,4.75944474960394,7.07599938421327
"150","CC028xCC024","d15_d45",4.89116161463831,7.13948906497327,7.38027181493066,4.76171775780224,4.29089418483292,7.07620825196041
"151","CC028xCC030","d7_d10",5.0654440775621,7.50032075840704,6.77984213708533,5.45218799062085,5.17645481033855,NA
"152","CC028xCC030","d10_d15",5.78469626890296,7.68796230495992,4.61730240989284,5.16207154745425,4.90802108397822,6.85401848109352
"153","CC028xCC030","d15_d45",7.90383074104934,8.89800161332814,11.8265606487228,6.60752407618152,4.82894955920215,9.46494285810189
"154","CC029xCC027","d7_d10",5.15238602661428,8.5435805008363,6.86109354100671,5.37509363422004,4.63323492040073,8.93049439050616
"155","CC029xCC027","d10_d15",8.17658612950123,9.48277251967265,7.16309126327996,7.98836142115774,4.74606654556482,9.54026800180643
"156","CC029xCC027","d15_d45",8.97621128567129,7.24105727654749,8.99531671833661,7.62454025048106,4.75933672198461,7.40814004521042
"157","CC029xCC071","d7_d10",NA,NA,NA,NA,NA,NA
"158","CC029xCC071","d10_d15",NA,NA,NA,NA,NA,NA
"159","CC029xCC071","d15_d45",NA,NA,NA,NA,NA,NA
"160","CC030xCC023","d7_d10",5.19423719275787,7.85008724162438,6.8455608436968,5.57556641630432,5.01801125362616,8.02084231621437
"161","CC030xCC023","d10_d15",5.09666612555126,8.77916774977818,8.1578112297433,7.04235876080341,5.03640054166899,8.9938746946131
"162","CC030xCC023","d15_d45",5.32170110706627,7.01099520372837,5.58375913535501,3.54867711605405,4.82247510525502,6.90082137487811
"163","CC030xCC061","d7_d10",5.02207722187423,6.23438756226338,6.05344881493257,5.29971924562289,5.19296193672755,6.7236815555812
"164","CC030xCC061","d10_d15",5.61227280908691,7.85831256455596,7.43558022069304,5.82114412431975,4.94912614606825,8.02699619188874
"165","CC030xCC061","d15_d45",5.61683031158862,8.34919653488808,7.38591027519014,5.13837022798907,4.91743939632094,8.1754771892244
"166","CC032xCC013","d7_d10",5.03684640384262,7.37517728039678,6.42381479786798,5.70704613490271,3.86488547804236,7.20091903871829
"167","CC032xCC013","d10_d15",6.46365000304068,7.5557532977557,7.68875617748848,7.39749465513089,4.68438005716712,9.31766269457214
"168","CC032xCC013","d15_d45",NA,NA,NA,NA,NA,NA
"169","CC032xCC017","d7_d10",8.0429494394658,8.45048226493354,7.58406569636734,7.75719164796305,6.27086073778939,9.05959748778439
"170","CC032xCC017","d10_d15",6.20296317588332,6.93012577271168,7.29526940665492,5.60262377512818,5.22938625062823,7.31995135869186
"171","CC032xCC017","d15_d45",4.48876401127497,6.9938581119391,6.13165413077926,2.69012120335168,3.08217792412233,5.57303998396414
"172","CC033xCC046","d7_d10",5.36658278758242,6.8762438443778,5.98604386765597,5.28899134727261,5.07784804471478,6.41620923684563
"173","CC033xCC046","d10_d15",6.84859470311051,7.58954649177062,7.8410165060624,5.1763273595652,5.20559049313766,9.09622686375918
"174","CC033xCC046","d15_d45",5.17746039882361,7.37770830210658,5.13438932862804,4.75118977901143,4.87763521450082,6.53317253015287
"175","CC033xCC068","d7_d10",5.00460420388863,6.39610232783474,5.84862168433135,5.33469346620119,4.85114270848734,6.81880021204682
"176","CC033xCC068","d10_d15",8.31396122515812,9.16986642902299,5.06695019159058,5.11044426424039,6.24616178045683,9.27106764245703
"177","CC033xCC068","d15_d45",6.39148346894558,7.07826541612344,7.06253542929408,5.19677063409613,3.52489038097971,6.83970766386087
"178","CC034xCC016","d7_d10",NA,NA,NA,NA,NA,NA
"179","CC034xCC016","d10_d15",6.1483392237253,5.5225474379726,5.44959200999311,5.70963576990018,2.56383800066798,5.85181650359366
"180","CC034xCC016","d15_d45",10.6880360454583,6.42543891095739,8.0651190449626,3.94925056028649,4.7313520281672,7.07354258408548
"181","CC035xCC020","d7_d10",NA,NA,NA,NA,NA,NA
"182","CC035xCC020","d10_d15",NA,NA,NA,NA,NA,NA
"183","CC035xCC020","d15_d45",NA,NA,NA,NA,NA,NA
"184","CC035xCC071","d7_d10",5.50952199697345,8.38063958791153,6.84063566741584,5.61762035878969,3.65847904892822,8.18052134836076
"185","CC035xCC071","d10_d15",7.71796997147627,5.76055832194587,4.85891187367016,5.42501322722614,6.7123397371535,7.2824300759356
"186","CC035xCC071","d15_d45",2.04045121355985,2.77403146657561,4.66976679754277,4.91703460302248,2.98333733326165,3.38455270718746
"187","CC036xCC051","d7_d10",5.02158594025355,5.44948317965715,5.11611864585912,4.94585326732297,4.94402426517756,5.3322316674372
"188","CC036xCC051","d10_d15",5.36837810168059,7.04127909125166,5.39737476928442,5.16971069757178,5.03240379939384,6.94803956916821
"189","CC036xCC051","d15_d45",8.36712619292655,10.2305051529498,9.04517127837528,4.99177430251321,5.40137795233796,10.3964562124057
"190","CC037xCC046","d7_d10",5.02659112320834,5.15573794484063,5.23271602755145,5.0685834222886,5.02408023923506,5.2484000936411
"191","CC037xCC046","d10_d15",5.73172919852248,8.66946151457237,8.397425679599,5.86864945429941,5.10170203519594,9.66642575427031
"192","CC037xCC046","d15_d45",NA,NA,NA,NA,NA,NA
"193","CC037xCC057","d7_d10",9.77356287739937,9.41153156260995,8.56962953008404,6.83005312984589,4.89239776930768,10.4008085111935
"194","CC037xCC057","d10_d15",4.4979093860876,6.19358415973074,3.68370730904631,4.12984313933386,4.60122592200398,4.95036744172125
"195","CC037xCC057","d15_d45",8.6442539767508,6.88705965675855,6.62566944867642,4.48680707107552,NA,7.6071967798876
"196","CC038xCC013","d7_d10",5.00910748650392,6.12900314609532,5.70352558608371,5.24221921060498,4.67510941868711,6.82959265422194
"197","CC038xCC013","d10_d15",5.7316173997501,9.57585876080342,8.60488333844694,7.00980004708476,4.91859904814203,9.69548841629767
"198","CC038xCC013","d15_d45",5.33221832845571,8.12189705529467,9.09617070881776,4.23564248129918,4.98614950554158,8.47511813719225
"199","CC039xCC020","d7_d10",6.19649581853215,8.90772807845275,7.8169646322256,6.51199062862411,5.38991734372145,9.26919106728034
"200","CC039xCC020","d10_d15",5.25490162916438,3.62736874846927,4.32306518036975,4.56384631775189,4.55413335222762,5.09148452142308
"201","CC039xCC020","d15_d45",6.93588315627833,10.5730209562105,9.07545483330415,6.15232556739072,4.96400729047913,8.94337637716126
"202","CC040xCC003","d7_d10",5.10281481872775,5.55638420643806,5.51184259577488,5.68380873739943,5.78203141777701,7.74042338333025
"203","CC040xCC003","d10_d15",5.19489483833274,7.3824701208189,5.90605460692212,4.78251530875196,4.15719923476999,6.03146680696476
"204","CC040xCC003","d15_d45",8.06146686309405,9.7468207135036,11.5065585274178,6.351052469267,5.0153102121579,11.0247902085099
"205","CC040xCC015","d7_d10",NA,NA,NA,NA,NA,NA
"206","CC040xCC015","d10_d15",NA,NA,NA,NA,NA,NA
"207","CC040xCC015","d15_d45",NA,NA,NA,NA,NA,NA
"208","CC041xCC012","d7_d10",6.55675870472444,7.70943819707021,6.81457803179576,5.67675782257516,7.49464371826302,NA
"209","CC041xCC012","d10_d15",4.50668844426167,6.90754676593076,7.90799374164183,5.05828669407094,2.23308096251907,NA
"210","CC041xCC012","d15_d45",7.80064982765598,7.13107897909371,7.25914420826207,4.70741979860384,4.70769760127206,NA
"211","CC041xCC016","d7_d10",5.46766773855232,6.16132324315797,5.56065701282978,6.19777847513782,5.26749916576193,8.11319950945129
"212","CC041xCC016","d10_d15",9.99564202425191,5.39499168329353,6.25546723645063,4.84559697588721,4.4098815926904,7.19838912572549
"213","CC041xCC016","d15_d45",0.00999999999999979,11.1657625249277,9.54582078122166,4.77827340169611,4.92769692923022,8.16043789349781
"214","CC042xCC017","d7_d10",5.78603049829208,8.82583583532564,6.64377464573902,6.50126523420646,NA,7.61102439134268
"215","CC042xCC017","d10_d15",7.14648135716318,7.43030273061661,7.44504422466247,7.26736725736072,NA,10.3185214579241
"216","CC042xCC017","d15_d45",9.77704643552276,7.97936528457183,6.8612335566718,5.65372002686523,4.89834831306796,7.14770041902554
"217","CC042xCC019","d7_d10",NA,NA,NA,NA,NA,NA
"218","CC042xCC019","d10_d15",NA,NA,NA,NA,NA,NA
"219","CC042xCC019","d15_d45",NA,NA,NA,NA,NA,NA
"220","CC042xCC025","d7_d10",NA,NA,NA,NA,NA,NA
"221","CC042xCC025","d10_d15",7.76622562112678,3.98208719331584,5.76086764243187,5.93007560704413,4.15329047205143,6.79999101588719
"222","CC042xCC025","d15_d45",NA,NA,NA,NA,NA,NA
"223","CC043xCC033","d7_d10",7.28993884731194,10.1382656528342,7.77855211787828,5.90319380539633,5.39429219356429,10.6840717481697
"224","CC043xCC033","d10_d15",7.20019176738683,6.66699383021966,4.18751635415038,5.13804285007058,5.48399815677208,6.00285396742945
"225","CC043xCC033","d15_d45",4.73611435194396,6.27279898514754,5.17401458650102,4.29401459345427,3.17735184831635,6.08055625902498
"226","CC043xCC037","d7_d10",5.2890901057907,7.25553080723062,6.82072703923501,5.49123366969814,3.97688012398678,6.79129351601562
"227","CC043xCC037","d10_d15",9.15459970489994,9.01336183485644,8.74517485023706,7.10350851967519,5.13447737045267,10.2074390090159
"228","CC043xCC037","d15_d45",5.80535516217051,7.50297887177257,7.48442471325578,2.96496983578853,4.48787148813043,6.93385544231373
"229","CC044xCC060","d7_d10",5.02955690870316,6.5447574521257,6.3069012675727,5.45607174914229,5.35956264661892,6.75154157983177
"230","CC044xCC060","d10_d15",9.0131941851852,8.31301723178996,4.35745952832601,5.25690562664913,4.66401595749047,6.70902285105806
"231","CC044xCC060","d15_d45",2.04609559421625,9.12724320014899,12.3017128166849,8.05569379303497,5.00721314318317,10.9721999536701
"232","CC045xCC044","d7_d10",5.90134621990306,6.30288223691922,6.27651099172219,5.36746191574197,5.03337818098741,7.4762018626758
"233","CC045xCC044","d10_d15",5.78929988431809,7.15354856958755,5.62009556242994,5.6456628585554,4.5960919893956,6.96320123249728
"234","CC045xCC044","d15_d45",7.56656018361078,9.96569281076265,11.4989607157032,6.97135728591912,4.96883519302652,10.3984155421951
"235","CC046xCC068","d7_d10",5.16730806175515,7.22888039112191,6.38763800797352,5.26729920220823,4.94422962781963,7.72414094486865
"236","CC046xCC068","d10_d15",6.23420457079567,6.82897724059239,6.74638416214914,5.33899553845181,5.09333254251998,7.29189383838212
"237","CC046xCC068","d15_d45",4.56380148438176,4.85448331960296,5.3517502382979,4.68416058082865,4.8342232897143,4.56442223494422
"238","CC049xCC036","d7_d10",NA,NA,NA,NA,NA,NA
"239","CC049xCC036","d10_d15",NA,NA,NA,NA,NA,NA
"240","CC049xCC036","d15_d45",NA,NA,NA,NA,NA,NA
"241","CC051xCC005","d7_d10",5.37369233437495,7.11716355402638,6.55626428910045,5.97263196617279,6.02737230500521,NA
"242","CC051xCC005","d10_d15",5.35493233255095,6.99579472174059,7.89012812279199,4.60913658433139,3.98479400515821,NA
"243","CC051xCC005","d15_d45",9.5186983855725,8.06414161794355,NA,5.13430691709739,4.7348646366598,NA
"244","CC051xCC009","d7_d10",8.96100299675269,8.01793831834819,6.85518310037549,6.21291219114906,6.75766619095156,10.4995054377286
"245","CC051xCC009","d10_d15",4.55930236189553,8.19550652509815,7.81453087409223,5.06896684430041,3.04959580895919,6.53819278008509
"246","CC051xCC009","d15_d45",3.32458410360144,6.13626082358591,6.57700560097772,4.34385901263038,3.97146171027004,5.8288207227746
"247","CC052xCC007","d7_d10",6.34321542090992,8.40083837427619,8.5691534355599,5.46543252154699,6.36060191860379,9.53845191391796
"248","CC052xCC007","d10_d15",7.44917232840918,5.82926918727648,4.81827608071827,5.38194825477189,4.34459760595789,5.34203470112294
"249","CC052xCC007","d15_d45",NA,NA,NA,NA,NA,NA
"250","CC052xCC014","d7_d10",6.80076635903752,8.71949742421706,8.69188999396826,6.04466211184225,6.26883744088475,9.80296418419772
"251","CC052xCC014","d10_d15",8.76148388916045,7.81064628051688,4.59141520606632,5.840036479328,3.91222915166418,7.05804936088476
"252","CC052xCC014","d15_d45",3.47426639612155,7.34506342791161,10.037652637353,4.598649846198,4.89792897440788,7.75750078442625
"253","CC055xCC006","d7_d10",5.89657517937555,9.4785292220343,6.30514031421145,6.75250023643707,8.56651052577855,9.78023635685859
"254","CC055xCC006","d10_d15",6.73606732046844,4.3575800058243,5.76936658531888,4.1419119716448,1.80426755816243,5.95218539651845
"255","CC055xCC006","d15_d45",6.95645721119748,6.79264024115973,6.92794665397411,4.69623643262068,4.54146388989632,5.96380484484257
"256","CC055xCC028","d7_d10",5.16108558922496,8.3956320629668,8.78322475149809,6.98149229419593,5.0765941221965,9.46659832820505
"257","CC055xCC028","d10_d15",6.83730627543796,6.93878189490261,6.52513625056532,6.51527610518048,4.53951474981307,6.96127176941997
"258","CC055xCC028","d15_d45",9.09341032668393,8.20850218579811,5.28843289960198,2.52341308592015,NA,7.2800290432974
"259","CC056xCC033","d7_d10",5.13418177756481,8.23669375945806,6.11962836220374,5.18399060236333,5.39277596783452,8.47040383502627
"260","CC056xCC033","d10_d15",4.97093914709914,7.35473610967982,7.06178995277322,6.41358743249051,4.82510168604464,7.21793132670528
"261","CC056xCC033","d15_d45",6.66821893834936,6.33424683450043,4.65717605526605,5.12279086905635,4.57077470759252,6.31791582568196
"262","CC057xCC052","d7_d10",5.51009777872967,8.7401214510464,9.32449838567316,5.56058459848763,4.67058224608957,9.4462493237001
"263","CC057xCC052","d10_d15",9.0300380103416,7.36437232367303,3.5402557268912,4.90568108863385,4.86199243000669,6.98687292104355
"264","CC057xCC052","d15_d45",5.45421871816236,8.24036605322284,11.0362895947893,4.86669098784771,5.043194464951,8.44619267747494
"265","CC058xCC022","d7_d10",5.12188096359715,9.80768949928338,7.88304219038301,5.69242169174815,4.58352992463811,10.458807936688
"266","CC058xCC022","d10_d15",7.64734790721254,5.36680200952454,6.89488769281236,NA,NA,6.21193022991375
"267","CC058xCC022","d15_d45",NA,NA,NA,NA,NA,NA
"268","CC060xCC006","d7_d10",5.23121162169221,13.7810735700589,10.4318026188613,6.82640536310759,3.04626774484072,14.4450489504442
"269","CC060xCC006","d10_d15",7.79535505505067,0.269437786126341,0.971469569803415,4.23095749108909,5.14116294249772,0.260210408157518
"270","CC060xCC006","d15_d45",5.28156157967072,9.52270588565581,9.34581126244345,5.83021417003957,4.9320916786077,9.6013841737379
"271","CC060xCC037","d7_d10",8.3920400733254,6.9550894711684,7.76419156216653,5.62729902022835,6.5800934756064,9.48177849388114
"272","CC060xCC037","d10_d15",5.60113251217533,10.0735811914201,6.1568251659695,7.66970416358006,3.71467672938129,6.7375594327446
"273","CC060xCC037","d15_d45",6.85943411770926,5.40482031671787,6.06861174302052,NA,4.62457976314252,6.14225105041135
"274","CC061xCC025","d7_d10",5.39232175658426,8.29367629100185,6.18408082977815,6.84709320498579,4.85689375083735,8.98345500607592
"275","CC061xCC025","d10_d15",4.56080992274365,2.81275673958946,4.56286497731622,3.34694728842866,4.67921333449696,2.76293154593276
"276","CC061xCC025","d15_d45",11.6873287179957,10.9169767763402,7.92920371555217,6.22262653821847,NA,10.9085848459307
"277","CC061xCC026","d7_d10",5.02050619834824,6.93032570282684,5.3055155234949,5.97685881204558,5.12621480938126,6.34819377424134
"278","CC061xCC026","d10_d15",6.27866396935412,8.04658859365464,6.61499418503423,6.11960851336031,4.60675964738688,7.9953476713582
"279","CC061xCC026","d15_d45",10.3784162470809,9.2886733738076,9.36206360068336,4.70481166361305,4.9363396810242,8.8916795532364
"280","CC061xCC039","d7_d10",5.31207557202623,5.67669558514655,5.18428133139112,5.287415122124,5.1397847384586,6.27846412806841
"281","CC061xCC039","d10_d15",5.05104173463635,8.57672651962613,5.69002906782251,5.64195369212302,4.90537351841408,8.17948892972587
"282","CC061xCC039","d15_d45",5.67641668095062,8.73910585300598,9.54533550870155,4.67315673500428,4.85714702723003,8.99285085441175
"283","CC062xCC046","d7_d10",5.13965599067179,6.58551523890488,6.89950187668296,5.15928231383279,5.29206241862705,7.66520735596751
"284","CC062xCC046","d10_d15",NA,NA,NA,NA,NA,NA
"285","CC062xCC046","d15_d45",NA,NA,NA,NA,NA,NA
"286","CC062xCC072","d7_d10",6.6178771944996,7.00237678561124,7.41784554327604,5.53098162265957,5.8303728538897,8.67988858438362
"287","CC062xCC072","d10_d15",NA,NA,NA,NA,NA,NA
"288","CC062xCC072","d15_d45",NA,NA,NA,NA,NA,NA
"289","CC063xCC001","d7_d10",NA,NA,NA,NA,NA,NA
"290","CC063xCC001","d10_d15",NA,NA,NA,NA,NA,NA
"291","CC063xCC001","d15_d45",10.7841347991731,10.1147179504636,10.4944040048658,3.84493417358693,4.93101612086543,9.96179746140175
"292","CC063xCC002","d7_d10",5.24363778383376,5.73658735218111,5.3807220576376,5.35982044043942,5.04101537878778,6.22905506202909
"293","CC063xCC002","d10_d15",NA,NA,NA,NA,NA,NA
"294","CC063xCC002","d15_d45",NA,NA,NA,NA,NA,NA
"295","CC065xCC010","d7_d10",5.18604980659492,7.16311988977622,5.47536412799292,5.63013155071923,6.43271767752527,9.72794689225915
"296","CC065xCC010","d10_d15",6.0580175118074,6.67758008062142,7.16441213527139,6.33844516981881,3.67754864198465,6.72917121273619
"297","CC065xCC010","d15_d45",NA,NA,NA,NA,NA,NA
"298","CC068xCC035","d7_d10",5.03025730914696,8.063093013672,6.02063968112486,5.21581416998925,6.95804305554251,9.497293041636
"299","CC068xCC035","d10_d15",9.21115701539916,5.57118215746142,5.99272013008991,5.43763028594238,3.8464293150643,6.37011755372823
"300","CC068xCC035","d15_d45",4.77115277253744,8.7287400497956,7.60517207169508,4.42061334381829,3.91046693287824,7.71124446029034
"301","CC068xCC043","d7_d10",6.34190644120615,8.39046322274162,6.97100994168827,6.51157414400023,5.39016678832209,8.81490310880999
"302","CC068xCC043","d10_d15",NA,NA,NA,NA,NA,NA
"303","CC068xCC043","d15_d45",NA,NA,NA,NA,NA,NA
"304","CC070xCC003","d7_d10",5.05976019583299,5.10085115541475,5.24157897909371,4.94439804468961,5.1010012744253,5.55668713275233
"305","CC070xCC003","d10_d15",7.98619775086632,10.4722200649412,9.9787563479425,7.49186482358972,5.77389749405157,11.6670098716524
"306","CC070xCC003","d15_d45",10.6186933215779,7.04107572136884,5.71271988264682,5.53383683862709,NA,6.58142167490937
"307","CC071xCC053","d7_d10",8.46290594181028,9.24729560633343,8.55177550458496,6.36159104866284,6.2485528870383,10.7695135214017
"308","CC071xCC053","d10_d15",8.59396997611178,6.62096003016544,3.85445238048787,6.81986628895137,4.86228118668399,6.4193537434155
"309","CC071xCC053","d15_d45",NA,NA,NA,NA,NA,NA
"310","CC071xCC058","d7_d10",NA,NA,NA,NA,NA,NA
"311","CC071xCC058","d10_d15",NA,NA,NA,NA,NA,NA
"312","CC071xCC058","d15_d45",NA,NA,NA,NA,NA,NA
"313","CC072xCC063","d7_d10",6.87979029727644,8.83079775673619,7.27278068515909,5.79070323476122,5.68627656852539,9.5403141386996
"314","CC072xCC063","d10_d15",5.10908405235927,6.36590884935607,3.80487182878684,5.09330395574005,4.80152713551351,5.21139102520852
"315","CC072xCC063","d15_d45",9.24249553851473,9.05443292992147,9.50537117798222,4.97974232263522,4.48661254805491,9.41835761022547
"316","CC072xCC075","d7_d10",NA,NA,NA,NA,NA,NA
"317","CC072xCC075","d10_d15",NA,NA,NA,NA,NA,NA
"318","CC072xCC075","d15_d45",NA,NA,NA,NA,NA,NA
"319","CC074xCC058","d7_d10",6.48608748285591,7.23703101416385,7.98897285584455,5.5643888736469,5.30896147234958,8.70684828288686
"320","CC074xCC058","d10_d15",NA,NA,NA,NA,NA,NA
"321","CC074xCC058","d15_d45",NA,NA,NA,NA,NA,NA
"322","CC074xCC062","d7_d10",5.03191794109197,6.28355689391987,6.15436113174349,5.12757238897269,4.79716909386185,6.60465833141818
"323","CC074xCC062","d10_d15",NA,NA,NA,NA,NA,NA
"324","CC074xCC062","d15_d45",NA,NA,NA,NA,NA,NA
"325","CC075xCC021","d7_d10",NA,NA,NA,NA,NA,NA
"326","CC075xCC021","d10_d15",9.1192174045869,8.15236572074147,4.64246799938804,5.56324630737233,5.13222940380569,7.16036348041328
"327","CC075xCC021","d15_d45",4.30419504077175,7.09673145364653,8.39553674639119,8.07473198015479,3.74237611888037,7.16941641306099
"328","CC075xCC035","d7_d10",5.13196247577684,7.99362526880611,6.42365474230792,6.81710831741102,6.35948663345711,8.8223739713291
"329","CC075xCC035","d10_d15",5.5689575472184,8.47290900346002,8.3409543129227,4.39938192407581,3.73857296291407,8.64442577744783
"330","CC075xCC035","d15_d45",5.24441316187616,5.36530184383183,6.11473046793484,4.98560408407194,5.3946356532577,5.61772939447178
"331","NAxCC060","d7_d10",NA,NA,NA,NA,NA,NA
"332","NAxCC060","d10_d15",NA,NA,NA,NA,NA,NA
"333","NAxCC060","d15_d45",NA,NA,NA,NA,NA,NA
